nama	homograf_kbbi
3D Entertainment	tidak
700 Pictures	tidak
99 Ranch Market	tidak
A.T. Kearney	tidak
AB Sinar Mas Multifinance	tidak
ABC Heinz Indonesia	tidak
ABC Holding	tidak
Abdelkarim & Co.	tidak
Aberdeen Standard Investment Indonesia	tidak
ABM Investama	tidak
Ace Hardware Indonesia	tidak
Ace Oldfields	tidak
ACeS	tidak
Acset Indonusa	tidak
Activewear Bali	tidak
Ada Swalayan	tidak
Adaro Andalan Indonesia	tidak
Adaro Minerals Indonesia	tidak
Adhi Commuter Properti	tidak
Adhi Karya	tidak
Adi Sarana Armada	tidak
Adiluhung Saranasegara Indonesia	tidak
Adira Dinamika Multi Finance	tidak
Advan	tidak
Aerowisata	tidak
Aesler Grup Internasional	tidak
Agro Yasa Lestari	tidak
Agung Menjangan Mas	tidak
Agung Podomoro Land	tidak
Agung Sumatera Samudera Abadi	tidak
Ahad Media Digital (Indonesia)	tidak
AIA Group	tidak
AIM Biscuits	tidak
AJB Bumiputera	tidak
Ajinomoto Indonesia	tidak
Akasha Wira International	tidak
Akbar Indomakmur Stimec	tidak
AKR Corporindo	tidak
Akurama Records	tidak
Alakasa Industrindo	tidak
Alam Sutera Realty	tidak
Alam Tri Daya Indonesia	tidak
AlamTri Resources	tidak
Alenia Pictures	tidak
Aletra	tidak
ALEXA Private Cruises	tidak
Alfa Energi Investama	tidak
Alfa express	tidak
Alfamidi	tidak
Alkindo Naratama	tidak
Allo Bank	tidak
Almaz Fried Chicken	tidak
Alpha Code Technologies	tidak
Alumindo Light Metal Industry	tidak
Aman Agrindo	tidak
Amman Mineral Internasional	tidak
Amnor Shipyard	tidak
Anabatic Technologies	tidak
Anargya Asset Management	tidak
Ancora Indonesia Resources	tidak
Andalan Sakti Primaindo	tidak
Andika Trijaya Record	tidak
Andira Agro	tidak
Aneka Record	tidak
Aneka Tambang	tidak
Angkasa Pura I	tidak
Angkasa Pura II	tidak
Antv Pictures	tidak
Anugerah Kagum Karya Utama	tidak
Apexindo Pratama Duta	tidak
Apotek K-24	tidak
Appnitro Software	tidak
Aqua	tidak
Aquarius Musikindo	tidak
Archi Indonesia	tidak
Archipelago International	tidak
Argha Karya Prima Ind.	tidak
Argo Pantes	tidak
Arita Prima Indonesia	tidak
Arkadia Digital Media	tidak
Arkha Jayanti Persada	tidak
Arkora Hydro	tidak
Armada Berjaya Trans	tidak
Armidian Karyatama	tidak
Arsari Multi Tambang	tidak
Arsari Tambang	tidak
Arsy Buana Travelindo	tidak
Arthavest	tidak
Arwana Citramulia	tidak
Asahimas Flat Glass	tidak
Asean Motor International	tidak
Ashmore Asset Management Indonesia	tidak
Asia Media Productions	tidak
Asia Pacific Fibers	tidak
Asia Pacific Investama	tidak
Asia Raya Kapital	tidak
Asia Sejahtera Mina	tidak
AsiaCommerce	tidak
Asiaplast Industries	tidak
Asiatic Persada	tidak
Asosiasi Emiten Indonesia	tidak
Aspirasi Hidup Indonesia	tidak
Astra Agro Lestari	tidak
Astra Graphia	tidak
Astra International	tidak
Astra Motor	tidak
Astra Otoparts	tidak
Astra Sedaya Finance	tidak
Astrindo Nusantara Infrastruktur	tidak
Asuransi Bina Dana Arta	tidak
Asuransi Bintang	tidak
Asuransi Central Asia	tidak
Asuransi Dayin Mitra	tidak
Asuransi Harta Aman Pratama	tidak
Asuransi Jasa Tania	tidak
Asuransi Jiwa Sinarmas MSIG	tidak
Asuransi Jiwa Syariah Jasa Mitra Abadi	tidak
Asuransi Kredit Indonesia	tidak
Asuransi Kresna Mitra	tidak
Asuransi Multi Artha Guna	tidak
Asuransi Ramayana	tidak
Asuransi Tugu Pratama Indonesia	tidak
Ateliers Mecaniques D'Indonesie	tidak
Atlas Resources	tidak
ATM Bersama	tidak
Aug. Savelkoul	tidak
Aurora Asset Management	tidak
Austindo Nusantara Jaya	tidak
Auto2000	tidak
Autopedia Sukses Lestari	tidak
Avia Avian	tidak
Aviana Sinar Abadi	tidak
Avonetiq	tidak
Avrist Asset Management	tidak
Avrist Assurance	tidak
AXA Asset Management Indonesia	tidak
Axioo	tidak
AXIS	tidak
Ayana Land International	tidak
Ayers Asia Asset Management	tidak
Bahana TCW Investment Management	tidak
Bakrie & Brothers	tidak
Bakrie Global Ventura	tidak
Bakrie Group	tidak
Bakrie Sumatera Plantations	tidak
Bakrie Telecom	tidak
Bakrieland Development	tidak
Bali Bintang Sejahtera	tidak
Bali Premium Trip	tidak
Bali Premium Villa	tidak
Bali Towerindo Sentra	tidak
Bali Zero	tidak
Bandar Abadi Shipyard	tidak
Bandar Victory Shipyard	tidak
Bangun Karya Perkasa Jaya	tidak
Bank Aladin Syariah	tidak
Bank Amar Indonesia	tidak
Bank Artha Graha Internasional	tidak
Bank Banten	tidak
Bank BJB	tidak
Bank BJB Syariah	tidak
Bank BNI Syariah	tidak
Bank Bumi Arta	tidak
Bank Bumi Daya	tidak
Bank Capital Indonesia	tidak
Bank Central Asia	tidak
Bank China Construction Bank Indonesia	tidak
Bank CIMB Niaga	tidak
Bank Commonwealth	tidak
Bank Danamon Indonesia	tidak
Bank DBS Indonesia	tidak
Bank Ganesha	tidak
Bank Hagakita	tidak
Bank IBK Indonesia	tidak
Bank Ina Perdana	tidak
Bank J Trust Indonesia	tidak
Bank Jago	tidak
Bank KEB Hana Indonesia	tidak
Bank Maluku	tidak
Bank Mandiri Taspen	tidak
Bank Maspion	tidak
Bank Mayapada	tidak
Bank Maybank Indonesia	tidak
Bank Mega	tidak
Bank Mestika	tidak
Bank MNC Internasional	tidak
Bank Muamalat Indonesia	tidak
Bank Multiarta Sentosa	tidak
Bank Nagari	tidak
Bank Nationalnobu	tidak
Bank Negara Indonesia	tidak
Bank Neo Commerce	tidak
Bank NTT	tidak
Bank OCBC NISP	tidak
Bank of India Indonesia	tidak
Bank Oke Indonesia	tidak
Bank Panin Dubai Syariah	tidak
Bank Pembangunan Daerah Banten	tidak
Bank Pembangunan Daerah Jawa Tengah	tidak
Bank QNB Indonesia	tidak
Bank Rakyat Indonesia	tidak
Bank Rakyat Indonesia Agroniaga	tidak
Bank Raya Indonesia	tidak
Bank Sinarmas	tidak
Bank SMBC Indonesia	tidak
Bank Sulut	tidak
Bank Sumsel Babel	tidak
Bank Sumut	tidak
Bank Syariah Bukopin	tidak
Bank Syariah Indonesia	tidak
Bank Syariah Nasional	tidak
Bank Tabungan Negara	tidak
Bank UOB Indonesia Bali	tidak
Bank Victoria International	tidak
Bank Woori Saudara Indonesia	tidak
Bara Sumber Daya Nikel	tidak
Baramulti Suksessarana	tidak
Barito Pacific	tidak
Barometer Lite	tidak
Batam Aero Technic	tidak
Batamec Shipyard	tidak
Batavia Pictures	tidak
Batavia Prosperindo Aset Manajemen	tidak
Batavia Prosperindo Finance	tidak
Batavia Prosperindo Internasional	tidak
Batavia Prosperindo Trans	tidak
Batik Idjon	tidak
Batik Keris	tidak
Batikatelier Winotosastro	tidak
Batulicin Nusantara Maritim	tidak
Bayan Resources	tidak
Bayu Bahari Sentosa	tidak
Bayu Buana	tidak
BCA Finance Limited	tidak
BCA Sekuritas	tidak
BCA Syariah	tidak
Bekasi Asri Pemula	tidak
Bekasi Fajar Industrial Estate	tidak
Bengkalis Dockindo Perkasa	tidak
Bentoel Group	tidak
Bentoel International Investama	tidak
Berau Coal	tidak
Berdikari Pondasi Perkasa	tidak
Berita Film Indonesia	tidak
Berkah Beton Sadaya	tidak
Berkah Prima Perkasa	tidak
Berlian Laju Tanker	tidak
Berlina	tidak
Bersama Zatta Jaya	tidak
Best Agro International	tidak
Betonjaya Manunggal	tidak
BFI Finance Indonesia	tidak
Bhakti Agung Propertindo	tidak
Bhakti Multi Artha	tidak
Bhuwanatala Indah Permai	tidak
Bibit	ya
Big Bird	tidak
Bima Sakti Pertiwi	tidak
Binakarya Jaya Abadi	tidak
Bintang Mas Entertainment	tidak
Bintang Mas Mediautama	tidak
Bintang Mitra Semestaraya	tidak
Bintang Oto Global	tidak
Bintang Samudera Mandiri Lines	tidak
Bio Farma	tidak
Bioskop 21	tidak
BISI International	tidak
Black Canyon	tidak
Black Diamond Resources	tidak
Bliss Properti Indonesia	tidak
Blue Bird	tidak
BNI Asset Management	tidak
BNP Paribas Asset Management	tidak
Bodrex	tidak
Bogasari Flour Mills	tidak
Borma Toserba	tidak
Borneo Olah Sarana Sukses	tidak
Boston Furniture Industries .	tidak
BP-AKR	tidak
BPD Nusa Tenggara Timur	tidak
BPD Sulawesi Selatan Dan Sulawesi Barat	tidak
BPD Sumatera Utara	tidak
BreadLife	tidak
BRI Danareksa sekuritas	tidak
BRI Multifinance Indonesia	tidak
bTaskee	tidak
BTPN Syariah	tidak
Buana Artha Anugerah	tidak
Buana Finance	tidak
Buana Lintas Lautan	tidak
Budi Starch & Sweetener	tidak
Buka Investasi Bersama	tidak
Buka Mitra Indonesia	tidak
Buka Pengadaan Indonesia	tidak
Bukaka Teknik Utama	tidak
Bukit Asam	tidak
Bukit Darmo Property	tidak
Bukit Uluwatu Villa	tidak
Bumi Benowo Sukses Sejahtera	tidak
Bumi Citra Permai	tidak
Bumi Hero Perkasa	tidak
Bumi Laut Group	tidak
Bumi Laut Perkasa	tidak
Bumi Resources	tidak
Bumi Resources Minerals	tidak
Bumi Santosa Cemerlang	tidak
Bumi Serpong Damai	tidak
Bumi Serpong Damai (perusahaan)	tidak
Bumi Teknokultura Unggul	tidak
Bumilangit	tidak
Bumitama Agri	tidak
Bumitama Gunajaya Agro	tidak
Bundamedik	tidak
Bursa Efek Indonesia	tidak
Bursa Efek Jakarta	tidak
Bursa Efek Surabaya	tidak
Bursa Komoditi dan Derivatif Indonesia	tidak
Bussan Auto Finance	tidak
Buyung Poetra Sembada	tidak
byPulsa	tidak
Cabo Bali	tidak
Cahaya Bintang Medan	tidak
Cahaya Samudera Shipyard	tidak
Cahayaputra Asa Keramik	tidak
Cahayasakti Investindo Sukses	tidak
Cakra Buana Resources Energi	tidak
Cakra Mineral	tidak
California Fried Chicken	tidak
Campina Ice Cream Industry	tidak
Cap Lang	tidak
Capital Asset Management	tidak
Capital Financial Indonesia	tidak
Capitalinc Investment	tidak
Capitol Nusantara Indonesia	tidak
Capri Nusa Satu Properti	tidak
Caputra Mitra Sejati	tidak
Cardig Aero Services	tidak
Carita Boat Indonesia	tidak
Carousell	tidak
Cashlez Worldwide Indonesia	tidak
Catur Sentosa Adiprana	tidak
Caturkarda Depo Bangunan	tidak
Cemindo Gemilang	tidak
Central Omega Resources	tidak
Central Proteina Prima	tidak
Centratama Telekomunikasi Indonesia	tidak
Century Pharma	tidak
Century Textile Industry	tidak
Cerestar Indonesia	tidak
Cha Payom	tidak
Champ Resto Indonesia	tidak
Champion Pacific Indonesia	tidak
Chandra Asri Pacific	tidak
Charnic Capital	tidak
Charoen Pokphand Indonesia	tidak
Chemstar Indonesia	tidak
Chigo x Flip	tidak
Chitose Internasional	tidak
Chocolatos	tidak
Cikarang Listrindo	tidak
Cilacap Samudera Fishing Industry	tidak
CIMB Niaga Auto Finance	tidak
Cimory	tidak
Cipta Selera Murni	tidak
Ciptadana Asset Management	tidak
Ciputra Development	tidak
Circle K	tidak
Cisadane Sawit Raya	tidak
Cisarua Mountain Dairy	tidak
Cita Mineral Investindo	tidak
Citatah	tidak
CitiBank Indonesia	tidak
Citra Bahari Shipyard	tidak
Citra Borneo Utama	tidak
Citra Buana Prasida	tidak
Citra Marga Nusaphala Persada	tidak
Citra Putra Realty	tidak
Citra Shipyard	tidak
Citra Tubindo	tidak
City Retail Developments	tidak
Clipan Finance Indonesia	tidak
Coalignment	tidak
Coca-Cola Amatil	tidak
Codiosity	tidak
Colorpak Indonesia	tidak
Commsult Technology Indonesia	tidak
Communication Cable Systems Indonesia	tidak
Corpus Kapital Manajemen	tidak
Cottonindo Ariesta	tidak
COWELL DEVELOPMENT	tidak
Dafam Property Indonesia	tidak
Dailylepedia Grup Sejahtera	tidak
Dakota Cinema	tidak
Damai Sejahtera Abadi	tidak
DAMRI	tidak
Dana Brata Luhur	tidak
Danakita Investama	tidak
Danantara Asset Management	tidak
Danantara Investment Management	tidak
Danar Hadi	tidak
Danareksa	tidak
Danareksa Investment Management	tidak
Danasupra Erapacific	tidak
Dancow	tidak
Darma Henwa	tidak
Darmi Bersaudara	tidak
Darya-Varia Laboratoria	tidak
Data Sinergitama Jaya	tidak
Dayamitra Telekomunikasi	tidak
DCI Indonesia	tidak
Deco Exhibition	tidak
Dee Company	tidak
Delta Djakarta	tidak
Delta Dunia Makmur	tidak
Delta Shipyard	tidak
Demi Gisela Citra Sinema	tidak
Destinasi Tirta Nusantara	tidak
Dewata Freightinternational	tidak
Dewi Jaya	tidak
Dewi Shri Farmindo	tidak
Dharma Polimetal	tidak
Dharma Samudera Fishing Ind.	tidak
Dharma Samudera Fishing Industries	tidak
Dharma Satya Nusantara	tidak
Diagnos Laboratorium Utama	tidak
Diamond Citra Propertindo	tidak
Diamond Food Indonesia	tidak
Dian Swastatika Sentosa	tidak
Digiserve	tidak
Digital Mediatama Maxima	tidak
Discover Bali Group	tidak
Distribusi Voucher Nusantara	tidak
Djarum	tidak
Djasa Ubersakti	tidak
Djiefen tailor	tidak
DMS Propertindo	tidak
Dockyard Baguskuning	tidak
Dok & Perkapalan Kodja Bahari	tidak
Dok dan Perkapalan Air Kantung	tidak
Dok Duasatu Nusantara	tidak
Dokindo Almas Papua Shipyard	tidak
Dua Kelinci	tidak
Dua Putra Utama Makmur	tidak
Dumas Tanjung Perak Shipyard	tidak
Duta Anggada Realty	tidak
Duta Intidaya	tidak
Duta Palma	tidak
Duta Pertiwi	tidak
Duta Pertiwi Nusantara	tidak
Dutch American Plantation Company	tidak
Dwi Guna Laksana	tidak
Dyandra Media International	tidak
Dynaplast	tidak
Eagle High Plantations	tidak
Eastparc Hotel	tidak
Eastspring Investments Indonesia	tidak
ECOTAS Group Indonesia	tidak
Eduka System	tidak
EFishery	tidak
Eiger	tidak
Eka Sari Lorena Transport	tidak
Ekadharma International	tidak
Elang Mahkota Teknologi	tidak
Electronic City Indonesia	tidak
ELNUSA	tidak
Elta Record	tidak
Emados	tidak
Emco Asset Management	tidak
Emdeki Utama	tidak
Energi Agro Nusantara	tidak
Energi Mega Persada	tidak
Energi Mitra Investama	tidak
Energi Nusa Mandiri	tidak
Energy Management Indonesia	tidak
Enseval Putra Megatrading	tidak
Envy Technologies Indonesia	tidak
EPITHRE.	tidak
Equilab International (Indonesia)	tidak
Equity Development Investment	tidak
Equity Sekuritas Indonesia	tidak
Era Digital Media	tidak
Era Graharealty	tidak
Era Mandiri Cemerlang	tidak
Era Media Sejahtera	tidak
Erajaya Swasembada	tidak
eraspace	tidak
Eratex Djaja	tidak
Es Teler 77	tidak
Esemka	tidak
Esta Multi Usaha	tidak
Estee Gold Feet	tidak
Estika Tata Tiara	tidak
Eterindo Wahanatama	tidak
Eureka Prima Jakarta	tidak
Ever Shine Textile Industry	tidak
Evercoss	tidak
Evergreen Invesco	tidak
Excellence Era Propertindo	tidak
Excelso	tidak
Exploitasi Energi Indonesia	tidak
Express Transindo Utama	tidak
F.B. Smits	tidak
Fajar Lestari Sejati	tidak
Fajar Surya Wisesa	tidak
Falcon Pictures	tidak
Falmaco Nonwoven Industri	tidak
FamilyMart	tidak
Famon Awal Bros Sedaya	tidak
FAP Agri	tidak
Fastfood Indonesia PT	tidak
Federal International Finance	tidak
FiberStar	tidak
Field Dimension Indonesia	tidak
Fimperkasa Utama	tidak
First Indo American Leasing	tidak
First Media	tidak
First Principle Systems	tidak
First State Investments Indonesia	tidak
Five Jack	tidak
FKS Multi Agro	tidak
Fore Coffee	tidak
Formosa Ingredient Factory	tidak
Fortune Indonesia	tidak
Fortune Mate Indonesia	tidak
Forza Land Indonesia	tidak
Foster Asset Management	tidak
FOTOHUIS "BRAGA" BANDOENG	tidak
Fourcolours Films	tidak
Freeport Indonesia	tidak
Frestea	tidak
Frisian Flag	tidak
Fuji Finance Indonesia	tidak
FWD Life Indonesia	tidak
Gading Development	tidak
Gajah Tunggal	ya
Galang Press	tidak
Galangan Kapal Madura	tidak
Galva Technologies	tidak
Gandum Mas	tidak
Garda Tujuh Buana	tidak
Gardens of the Sun	tidak
Garena	tidak
Garuda Indonesia	tidak
Garuda Maintenance Facility Aero Asia	tidak
Garuda Mataram Motor	tidak
Garuda Metalindo	tidak
Garudafood	tidak
Gaya Abadi Sempurna	tidak
Gema Grahasarana	tidak
Geoenergis (Indonesia)	tidak
Geoprima Solusi	tidak
Gihon Telekomunikasi Indonesia	tidak
Ginting Jaya Energi	tidak
Giti Tire	tidak
Glico Wings	tidak
Global Digital Niaga	tidak
Global Mediacom	tidak
Global Sukses Solusi	tidak
Global Teleshop	tidak
Golden Eagle Energy	tidak
Golden Energy Mines	tidak
Golden Flower	tidak
Golden Plantation	tidak
Goodyear Indonesia	tidak
Goplay	tidak
Gowa Makassar Tourism Development	tidak
Gozco Plantations	tidak
GP Records	tidak
Graha Andrasentra Propertindo	tidak
Graha Layar Prima	tidak
Grahaprima Suksesmandiri	tidak
Gramedia (toko buku)	tidak
Grand House Mulia	tidak
Grand Kartech	tidak
Gratia Husada Farma	tidak
Greenwood Sejahtera	tidak
Grow Investments Indonesia	tidak
Grup GoTo	tidak
Grup Jawa Pos	tidak
Grup Lippo	tidak
GTS Internasional	tidak
Guardian	tidak
Gudang Garam	tidak
Gudeg Yu Djum	tidak
Guna Timur Raya	tidak
Gunawan Dianjaya Steel	tidak
Gunawan Steel Group	tidak
Gunung Madu Plantations	tidak
Gunung Mas Grup	tidak
Gunung Raja Paksi	tidak
Gunung Sewu Kencana	tidak
Güntzel & Schumacher	tidak
H-Studio Bali	tidak
Habco Trans Maritima	tidak
Haga Bank	tidak
Haleyora Power	tidak
Haloni Jane	tidak
Hanhwa Life Insurance	tidak
Hanson International	tidak
Harapan Duta Pertiwi	tidak
Harita Group	tidak
Hartadinata Abadi	tidak
Hartono Raya Motor	tidak
Harum Energy	tidak
Hasnur Internasional Shipping	tidak
Hasnur Jaya Tambang	tidak
Hassana Boga Sejahtera	tidak
Hatten Bali	tidak
Hauraa	tidak
Hawai Group Malang	tidak
Hello health group	tidak
Henan Putihrai Asset Management	tidak
Hensel Davest Indonesia	tidak
Hero Supermarket Group	tidak
Hetzer Medical Indonesia	tidak
Hexindo Adiperkasa	tidak
HiBank	tidak
Hibrkraft Kreasi Indonesia	tidak
Hillcon	tidak
Himalaya Energi Perkasa	tidak
Hino Finance Indonesia	tidak
Hisana Fried Chicken	tidak
Hitmaker Studios	tidak
HK Metals Utama	tidak
HM Sampoerna	tidak
Hoffmen Cleanindo	tidak
HokBen	tidak
Hotel Fitra International	tidak
Hotel Mandarine Regency	tidak
Hotel Sahid Jaya International	tidak
HP Music: Records Label	tidak
HP Records	tidak
Humpuss Intermoda Transportasi	tidak
Hutama Karya	tidak
HW Group	tidak
Hypermart	tidak
I-League	tidak
IBEKA	tidak
iCherry	tidak
ICTSI JASA PRIMA	tidak
Idea Indonesia Akademi	tidak
IDN	tidak
Ifishdeco	tidak
IKI Shipyard	tidak
Imago Mulia Persada	tidak
IMMG	tidak
IMO Mobile Entertainment	tidak
Impack Pratama Industri	tidak
Imperial Healthtech	tidak
Inalum	tidak
Indah Kiat Pulp & Paper	tidak
Indah Prakasa Sentosa	tidak
Indal Aluminium Industry	tidak
Indika Energy	tidak
Indika Entertainment	tidak
Indika Pictures	tidak
Indo Acidatama	tidak
Indo Boga Sukses	tidak
Indo Komoditi Korpora	tidak
Indo Kordsa	tidak
Indo Oil Perkasa	tidak
Indo Premier Investment Management	tidak
Indo Pureco Pratama	tidak
Indo Semar Records	tidak
Indo Straits	tidak
Indo Tambangraya Megah	tidak
Indoasia Aset Manajemen	tidak
Indocement Tunggal Prakarsa	tidak
Indofarma	tidak
indofix	tidak
Indofood	tidak
Indofood (merek)	tidak
Indofood CBP	tidak
Indofood Fortuna Makmur	tidak
Indointernet	tidak
Indomaret Fresh	tidak
Indomobil Finance Indonesia	tidak
Indomobil Multi Jasa	tidak
Indomobil Sukses Internasional	tidak
Indonesia AirAsia	tidak
Indonesia Entertainmen Produksi	tidak
Indonesia Eximbank	tidak
Indonesia Fibreboard Industry	tidak
Indonesia Infrastructure Finance	tidak
Indonesia Kendaraan Terminal	tidak
Indonesia Marina Shipyard	tidak
Indonesia Pondasi Raya	tidak
Indonesia Prima Property	tidak
Indonesia-Coffee	tidak
IndonesiaJuara Trip	tidak
Indonesian Paradise Property	tidak
Indonesian Tobacco	tidak
Indopoly Swakarsa Industry	tidak
Indorama Corporation	tidak
Indorama Synthetics	tidak
Indoritel Makmur Internasional	tidak
Indosat Ooredoo Hutchison	tidak
Indospring	tidak
Indosterling Aset Manajemen	tidak
Indosterling Technomedia	tidak
Indosurya Asset Management	tidak
Industri dan Perdagangan Bintraco Dharma	tidak
Industri Kereta Api	tidak
Industri Telekomunikasi Indonesia	tidak
Informasi Teknologi Indonesia	tidak
InJourney	tidak
InJourney Destination Management	tidak
Inocycle Technology Group	tidak
Inovasi Parkir Mandiri	tidak
Insight Investments Management	tidak
Inspire Music	tidak
Intan Baruprana Finance	tidak
Intanwijaya Internasional	tidak
Integra Indocabinet	tidak
Inter-Delta	tidak
Intermedia Capital	tidak
Inti Agri Resources	tidak
Inti Bangun Sejahtera	tidak
Inti Solar	tidak
Intikeramik Alamasri Industri	tidak
Intiland Development	tidak
INTIME Technology	tidak
Intraco Penta	tidak
Intrafood	tidak
Invitee Site	tidak
Island Concepts Indonesia	tidak
Ismaya Group	tidak
Ispat Indo	tidak
Isra Presisi Indonesia	tidak
Istaka Karya	tidak
Itama Ranoraya	tidak
Itemku	tidak
J Resources Asia Pasifik	tidak
J.CO Donuts	tidak
JACCS Mitra Pinasthika Mustika Finance Indonesia	tidak
Jagarasa	tidak
Jakarta Industrial Estate Pulogadung	tidak
Jakarta International Container Terminal	tidak
Jakarta International Hotels & Development	tidak
Jakarta Kyoei Steel Works	tidak
Jakarta Lingkar Baratsatu	tidak
Jakarta Propertindo	tidak
Jakarta Setiabudi Internasional	tidak
Jamu Air Mancur	tidak
Jamu Jago	tidak
JAPFA Comfeed Indonesia	tidak
Jarvis Aset Manajemen	tidak
Jasa Armada Indonesia	tidak
Jasa Berdikari Logistics	tidak
Jasa Marga	tidak
Jasa Marine Indah	tidak
Jasa Tirta I	tidak
Jasa Tirta II	tidak
Jasnita Telekomindo	tidak
Jasuindo Tiga Perkasa	tidak
Java Musikindo	tidak
JAVARA	tidak
Jawa Pos	tidak
Jawa Timur Park Group	tidak
Jaya Agra Wattie	tidak
Jaya Agung	tidak
Jaya Bersama Indo	tidak
Jaya Konstruksi Manggala Pratama	tidak
Jaya Pari Steel Corp. Ltd.	tidak
Jaya Real Property	tidak
Jaya Sukses Makmur Sentosa	tidak
Jaya Swarasa Agung	tidak
Jaya Trishindo	tidak
Jayamas Medica Industri	tidak
Jembo Cable Company	tidak
Jhonlin Agro Raya	tidak
JNE	tidak
Jobubu Jarum Minahasa	tidak
JOWO LAND CONSTRUCTION	tidak
Jubelio	tidak
JWT Jakarta	tidak
K-Vision	tidak
K2K Production	tidak
Kabelindo Murni	tidak
Kageo Igar Jaya	tidak
KAI Bandara	tidak
KAI Commuter	tidak
Kalbe Farma	tidak
Kalbe Nutritionals	tidak
Kaldu Sari Nabati	tidak
Kalla Group	tidak
Kallista Alam	tidak
Kaltim Prima Coal	tidak
Kalyana Shira Films	tidak
Kandank Jurank Doank	tidak
Kantor Berita Antara	tidak
Kapuas Prima Coal	tidak
Karimun Anugrah Sejati	tidak
Karimun Marine Shipyard	tidak
Karisma (toko buku)	tidak
Karnos Film	tidak
Karwell Indonesia	tidak
Karya Bersama Anugerah	tidak
Karya Delka Maritim	tidak
Karyasindo Samudra Biru Shipyard	tidak
Kasera	tidak
Katingan Mentaya Project	tidak
Kawan Lama Sejahtera	tidak
Kawasan Industri Jababeka	tidak
Kawasan Industri Medan	tidak
Kayan Marine Shipyard	tidak
KB Bank	tidak
KB Finansia Multi Finance	tidak
Kebab Turki Baba Rafi	tidak
Kebanting!	tidak
Kedaung Indah Can	tidak
Kedawung Setia Industrial	tidak
Kedoya Adyaraya	tidak
Kencana Energi Lestari	tidak
Keramika Indonesia Assosiasi	tidak
Kereta Cepat Indonesia–China	tidak
Kertas Basuki Rachmat Indonesia	tidak
Kertas Leces	tidak
Kesmatex	tidak
Ketrosden Triasmitra	tidak
Kian-gwan Kongsi	tidak
Kidz Station	tidak
Kilat Bio	tidak
Kimia Farma	tidak
King Tire Indonesia	tidak
King Trading	tidak
Kino Indonesia	tidak
Kioson Komersial Indonesia	tidak
Kirana Megatara	tidak
KISI Asset Management	tidak
Klinko Karya Imaji	tidak
Kliring Berjangka Indonesia	tidak
KMI Cable And Wire	tidak
Kobexindo Tractors	tidak
Kokoh Inti Arebama	tidak
Komodo Foods	tidak
Komodo Luxury	tidak
Kompas Gramedia Group	tidak
Kompetisi Futsal Indonesia	tidak
Konimex	tidak
Kopertis Wilayah X	tidak
Kopi Kenangan	tidak
Kopiko	tidak
Kopontren Daarut Tauhiid	tidak
Korindo Group	tidak
Kota Satu Properti	tidak
KRA Group	tidak
Krakatau Shipyard	tidak
Krakatau Steel	tidak
Kreatif Media Karya	tidak
Kresna Asset Management	tidak
Kresna Graha Investama	tidak
Krida Jaringan Nusantara	tidak
Krom Bank	tidak
Kuku Bima Ener-G	tidak
Kumala Indonesia Shipyard	tidak
Kurniamitra Duta Sentosa	tidak
Kustodian Sentral Efek Indonesia	tidak
Kusuma Kemindo Sentosa	tidak
Ladangbaja Murni	tidak
Lamicitra Nusantara	tidak
Lancartama Sejati	tidak
Langgeng Makmur Industri	tidak
Lapindo International	tidak
Lautan Lestari Shipyard	tidak
Lautan Luas	tidak
Lautandhana Investment Management	tidak
Lavender Bina Cendikia	tidak
LCK Global Kedaton	tidak
Le Minerale	tidak
Leapfactor	tidak
Lemomo Indonesia	tidak
Len Industri	tidak
Leo Pictures	tidak
Libel Record	tidak
Liga Indonesia (perusahaan)	tidak
Lima Cahaya	tidak
Lima Dua Lima Tiga	tidak
Limas Indonesia Makmur	tidak
Lini Imaji Kreasi Ekosistem	tidak
Link Net	tidak
Lintas Kata	tidak
Lintasarta	tidak
Lion Hotel & Plaza	tidak
Lion Metal Works	tidak
Lion Parcel	tidak
Lionmesh Prima	tidak
Lippo Cikarang	tidak
Lippo General Insurance	tidak
Lippo Karawaci	tidak
Lippo Securities	tidak
Logindo Samudramakmur	tidak
Lontar Papyrus Pulp & Paper Industry	tidak
Lotte Chemical Titan Nusantara	tidak
Lucky Intercoco	tidak
Lunar Jaya Films	tidak
M Cash Integrasi	tidak
M&C Saatchi Performance	tidak
Madusari Murni Indah	tidak
Magna Investama Mandiri	tidak
Maha Properti Indonesia	tidak
Mahaka Media	tidak
Mahaka Radio Integra	tidak
Maheswara Musik Records	tidak
Mahkota Group	tidak
Mahkotajawa Kubah Indonesia	tidak
Maimaid	tidak
Majoris Asset Management	tidak
Maju Maritim Indonesia	tidak
Makin Group	tidak
Makmur Berkah Amanda	tidak
Malacca Trust Wuwungan Insurance	tidak
Malindo Feedmill	tidak
Maming Enam Sembilan Mineral	tidak
Manajemen Qolbu Corporation	tidak
Mandala Multifinance	tidak
Mandiri	ya
Mandiri Manajemen Investasi	tidak
Mandiri Tunas Finance	tidak
Mandom Indonesia	tidak
Mangrove Care Forum Bali	tidak
Mantappu Corp.	tidak
Manulife Aset Manajemen Indonesia	tidak
MAP Aktif Adiperkasa	tidak
MAP Boga Adiperkasa	tidak
Marcopolo Shipyard	tidak
Marga Abhinaya Abadi	tidak
Marga Lingkar Jakarta	tidak
Marimas	tidak
Marinatama Gemanusa Shipyard	tidak
Marindo Jaya Samudera	tidak
Marine Bahagia Shipyard	tidak
Mark Dynamics Indonesia	tidak
Marketing Hackers	tidak
Marlip Indo Mandiri	tidak
Martina Berto	tidak
Marvia vehicles	tidak
Mas Murni Indonesia	tidak
Maskapai Reasuransi Indonesia	tidak
Maspion	tidak
Matahari	ya
Matahari Department Store	tidak
Matahari Putra Prima	tidak
Max Pictures	tidak
Maxima Pictures	tidak
Mayapada Group	tidak
Maybank Asset Management	tidak
Maybank Indonesia Finance	tidak
Maybank Sekuritas Indonesia	tidak
Mayora Indah	tidak
Mazda Motor Indonesia	tidak
MD Corporation	tidak
MD Entertainment	tidak
MD Pictures	tidak
MDTV	tidak
MDTV Media Technologies	tidak
Medco Power Indonesia	tidak
MedcoEnergi	tidak
Media Inti Teknologi	tidak
Media Network Indonesia	tidak
Media Nusantara Citra	tidak
Medikaloka Hermina	tidak
Mega Buana Resources	tidak
Mega Capital Investama	tidak
Mega Kreasi Films	tidak
Mega Manunggal Property	tidak
Mega Perintis	tidak
Megalestari Epack Sentosaraya	tidak
Megapolitan Developments	tidak
Megapower Makmur	tidak
Megindo Tunggal Sejahtera	tidak
Mekar	ya
Mekari	tidak
Menn Teknologi Indonesia	tidak
Menteng Heritage Realty	tidak
Menthobi Karyatama Raya	tidak
Mercedes-Benz Distribution Indonesia	tidak
Merck	tidak
Merdeka Battery Materials	tidak
Merdeka Copper Gold	tidak
Merlot Grup Indonesia	tidak
Merpati Marine	tidak
Meta Epsi	tidak
Metro Department Store	tidak
Metro Healthcare Indonesia	tidak
Metro Realty	tidak
Metrodata Electronics	tidak
Metropolitan Kentjana	tidak
Metropolitan Land	tidak
Midplaza Holding	tidak
Miles Films	tidak
Millenium Pharmacon Int.	tidak
MIND ID	tidak
Mineral Bumi Nusantara	tidak
Minna Padi Investama Sekuritas	tidak
Miru Production	tidak
MITO Electronic	tidak
Mito Mobile	tidak
Mitra Adiperkasa	tidak
Mitra Angkasa Sejahtera	tidak
Mitra Energi Persada	tidak
Mitra Hub Indonesia	tidak
Mitra Investindo	tidak
Mitra Keluarga Karyasehat	tidak
Mitra Komunikasi Nusantara	tidak
Mitra Pack	tidak
Mitra Pemuda	tidak
Mitra Pinasthika Mustika	tidak
Mitra Rajasa	tidak
Mitra Tirta Buwana	tidak
Mitrabahtera Segara Sejati	tidak
Mitrabara Adiperdana	tidak
Mizzle	tidak
MNC Corporation	tidak
MNC Digital Entertainment	tidak
MNC Energy Investments	tidak
MNC Kapital Indonesia	tidak
MNC Land	tidak
MNC Pictures	tidak
MNC Sky Vision	tidak
MNC Vision	tidak
MNC Vision Networks	tidak
Mobil Indostation	tidak
Mobil Tawon	tidak
Modena Group	tidak
Modern Internasional	tidak
Modernland Realty Ltd	tidak
Monolit Labs	tidak
Mora Telematika Indonesia	tidak
Morenzo Abadi Perkasa	tidak
Morodadi Prima	tidak
Movieglad Pictures	tidak
MPX Logistics International	tidak
MRA Group	tidak
Muji Rahayu Shipyard	tidak
Mulia Boga Raya	tidak
Mulia Industrindo	tidak
Multi Agro Gemilang Plantation	tidak
Multi Bintang Indonesia	tidak
Multi Indocitra	tidak
Multi Makmur Lemindo	tidak
Multi Medika Internasional	tidak
Multi Ocean Shipyard	tidak
Multi Prima Sejahtera	tidak
Multifiling Mitra Indonesia	tidak
Multimedia Nusantara	tidak
Multipolar	ya
Multipolar Technology	tidak
Multistrada Arah Sarana	tidak
Murni Sadar	tidak
Musica Studio's	tidak
Musim Mas	tidak
Mustika Ratu	tidak
Mutiara Fibrindo	tidak
MyRepublic Indonesia	tidak
Nagaswara	tidak
Namasindo Plas	tidak
Nanotech Indonesia Global	tidak
Narada Asset Management	tidak
Nash & Co.	tidak
Natura City Developments	tidak
NATURAL NUSANTARA	tidak
Nederlandsch-Indische Escompto Maatschappij	tidak
Net 1	tidak
New Armada	tidak
Nex Parabola	tidak
Nexian	tidak
NFC Indonesia	tidak
NH Korindo Sekuritas Indonesia	tidak
NIHI Sumba	tidak
Nikko Sekuritas Indonesia	tidak
Nindya Karya	tidak
Nippon Indosari Corpindo	tidak
Nipress	tidak
Nissan Motor Indonesia	tidak
Noahtu Shipyard	tidak
Nongsa Jaya Buana	tidak
North Sea Boats	tidak
Northcliff Citranusa Indonesia	tidak
Nusa Konstruksi Enjiniring	tidak
Nusa Palapa Gemilang	tidak
Nusa Raya Cipta	tidak
Nusadana Investama Indonesia	tidak
Nusantara Almazia	tidak
Nusantara Infrastructure	tidak
Nusantara Inti Corpora	tidak
Nusantara Pelabuhan Handal	tidak
Nusantara Properti Internasional	tidak
Nusantara Sawit Sejahtera	tidak
Nusantara TV	tidak
Nusatama Berkah	tidak
Nutrifood	tidak
NutriSari	tidak
Nyonya Meneer	tidak
OBM Drilchem	tidak
OKI Pulp & Paper Mills	tidak
Onix Capital	tidak
Opaper	tidak
OPay	tidak
OpenTrolley Bookstore, Indonesia	tidak
Optik Melawai	tidak
Optima Prima Metal Sinergi	tidak
Orang Tua (perusahaan)	tidak
Orela Shipyard	tidak
Organon Pharma Indonesia	tidak
Oscar Mitra Sukses Sejahtera	tidak
Oto Multiartha	tidak
Otsuka (Indonesia)	tidak
OVO	tidak
Pabrik Gula Maribaya	tidak
Pabrik Gula Rajawali I	tidak
Pabrik Kertas Indonesia	tidak
Pacific Capital Investment	tidak
Pacific Energy Indonesia	tidak
Pacific Strategic Financial	tidak
Pahala Harapan Lestari	tidak
Pakuan	tidak
Pakuwon Jati	tidak
PAL Indonesia	tidak
Palie & Co	tidak
Palindo Marine	tidak
Palma Serasih	tidak
Palma Shipyard	tidak
PAM Mineral	tidak
Pan Brothers Tex	tidak
Panasia Filament	tidak
Panasia Indo Resources	tidak
Panca Anugrah Wisesa	tidak
Panca Budi Idaman	tidak
Panca Ekawira Sanjaya	tidak
Panca Global Kapital	tidak
Panca Mitra Multiperdana	tidak
Pancaran Samudera Shipyard	tidak
Pandawa Institute	tidak
Pangaea Digital Labs	tidak
Panin Asset Management	tidak
Panin Bank	tidak
Panin Financial	tidak
Panin Sekuritas	tidak
Paninvest	tidak
Panorama Sentrawisata	tidak
Pantai Indah Kapuk Dua	tidak
Paragon Technology and Innovation	tidak
Paramita Bangun Sarana	tidak
Pasifik Dok Maluku	tidak
Pasifik Satelit Nusantara	tidak
Patria Maritim Perkasa	tidak
PATRION	tidak
Paxocean Nanindah Mutiara Shipyard	tidak
Pegadaian	ya
Pelabuhan Indonesia	tidak
Pelabuhan Indonesia I	tidak
Pelabuhan Indonesia II	tidak
Pelabuhan Indonesia III	tidak
Pelabuhan Indonesia IV	tidak
Pelangi Indah Canindo	tidak
Pelat Timah Nusantara	tidak
Pelayaran Nasional Bina Buana Raya	tidak
Pelayaran Nasional Ekalya Purnamasari	tidak
Pelayaran Nelly Dwi Putri	tidak
Pelayaran Tamarin Samudra	tidak
Pelita Samudera Shipping	tidak
Pelita Teknologi Global	tidak
Pembangunan Graha Lestari	tidak
Pembangunan Jaya Ancol	tidak
Penerbit Erlangga	tidak
Penerbit Jurnal Indonesia	tidak
Penerbit Paramita	tidak
Penta Valent	tidak
Perdana Bangun Pusaka	tidak
Perdana Gapura Prima	tidak
Perdana Karya Perkasa	tidak
Perintis Triniti Properti	tidak
Periplus	tidak
Perkasa Internusa Mandiri	tidak
Perkebunan Nusantara II	tidak
Perkebunan Nusantara III	tidak
Perkebunan Nusantara IX	tidak
Perkebunan Nusantara VI	tidak
Perkebunan Nusantara VII	tidak
Perkebunan Nusantara VIII	tidak
Perkebunan Nusantara XII	tidak
Perma Plasindo	tidak
PermataBank	tidak
Permodalan Nasional Madani	tidak
Personel Alih Daya	tidak
Pertama Pacific Shipyard	tidak
Pertamina	tidak
Pertamina Geothermal Energy	tidak
Pertamina Retail	tidak
Pertamina Trans Kontinental	tidak
Perum Perhutani	tidak
Perusahaan Daerah Air Minum Tirtanadi	tidak
Perusahaan Gas Negara	tidak
Perusahaan Listrik Negara	tidak
Perusahaan Pengelola Aset	tidak
Perusahaan Perdagangan Indonesia	tidak
Petrindo Jaya Kreasi	tidak
Petrokimia Gresik	tidak
Petrosea	tidak
Pewarisgroup	tidak
Pewaristoto	tidak
Phapros	tidak
Pharos Indonesia	tidak
Phillip Securities Indonesia, PT	tidak
Photografisch Atelier Kurkdjian	tidak
Pic[k]lock Films	tidak
Pikko Land Development	tidak
Pinago Utama	tidak
Pindad	tidak
Pindo Deli Pulp And Paper Mills	tidak
Pinnacle Persada Investama	tidak
Pioneerindo Gourmet International	tidak
Pizza Hut Indonesia	tidak
PKT	tidak
Planet Properindo Jaya	tidak
Plaza Indonesia Realty	tidak
PLN Icon Plus	tidak
PLN Indonesia Power	tidak
PLN Nusantara Power	tidak
Polaris Investama	tidak
Pollux Investasi Internasional	tidak
Pollux Properti Indonesia	tidak
Poly Kapitalindo	tidak
Polychem Indonesia	tidak
Polytama Propindo	tidak
Polytron	tidak
Pool Advista Finance	tidak
Pool Advista Indonesia	tidak
Pop Art: Records Label	tidak
Popbela.com (Perusahaan)	tidak
Popmama.com (Perusahaan)	tidak
Post Asset Management Indonesia	tidak
PP London Sumatera Indonesia	tidak
PP Presisi	tidak
PP Properti	tidak
Pradiksi Gunatama	tidak
Pradnya Paramita	tidak
Prasidha Aneka Niaga	tidak
Pratama Capital Assets Management	tidak
Pratama Widya	tidak
Presenta Kana Ideastika	tidak
PRIMA	ya
Prima Alloy Steel Universal	tidak
Prima Andalan Mandiri	tidak
Prima Cakrawala Abadi	tidak
Prima Globalindo Logistik	tidak
Prima Timah Utama	tidak
Primadaya Plastisindo	tidak
Primagama Tutoring Institution	tidak
Primarindo Asia Infrastructure	tidak
Principal Asset Management	tidak
Prodia StemCell Indonesia (Indonesia)	tidak
Prodia Widyahusada	tidak
Produksi Film Negara	tidak
Profesional Telekomunikasi Indonesia	tidak
Propertia	tidak
Prospera Asset Management	tidak
Protech Mitra Perkasa	tidak
Provident Agro	tidak
ProxyHat	tidak
Pudjiadi & Sons	tidak
Pudjiadi Prestige	tidak
Pulau Asli Tour	tidak
Pupuk Indonesia	tidak
Pupuk Indonesia Holding Company	tidak
Pupuk Iskandar Muda	tidak
Pupuk Kalimantan Timur	tidak
Puradelta Lestari	tidak
Puri Global Sukses	tidak
Puri Sentul Permai	tidak
Purwa Caraka Music Studio	tidak
Putera Sampoerna Foundation	tidak
Putra Mandiri Jembar	tidak
Putra Rajawali Kencana	tidak
Pyridam Farma	tidak
Qiwii	tidak
Qoala	tidak
Queenrides	tidak
Radana Bhaskara Finance	tidak
Radiant Utama Interinsco	tidak
Ragusa	tidak
Rajawali Corpora	tidak
Ramayana Lestari Sentosa	tidak
RANS Entertainment	tidak
Rasuna Epicentrum	tidak
Ratu Prabu Energi	tidak
RBTV Jogja	tidak
Reatrixweb Media	tidak
Red Planet Indonesia	tidak
Refined Bangka Tin	tidak
Reglow Indonesia	tidak
Rekso Nasional Food	tidak
Reliance Sekuritas Indonesia	tidak
Reload Corpora	tidak
Rentracks Creative Works	tidak
Repower Asia Indonesia	tidak
Resource Alam Indonesia	tidak
RHB Asset Management Indonesia	tidak
Richeese Factory	tidak
Ricky Putra Globalindo	tidak
Rig Tenders Indonesia	tidak
Rimba Makmur Utama	tidak
Rimo International Lestari	tidak
Ristia Bintang Mahkotasejati	tidak
RMK Energy	tidak
Rocket Chicken	tidak
Rockfields Properti Indonesia	tidak
Roda Bangun Mandiri	tidak
Roda Vivatex	tidak
Rohartindo Nusantara Luas	tidak
ROMANTIC Sprei	tidak
Royal Pacific Harvest	tidak
Royal Prima	tidak
Royal Prima Musikindo	tidak
Royalindo Investa Wijaya	tidak
Ruangguru	tidak
Rukun Raharja	tidak
S. Kanner & Co., Macassar	tidak
Sabana Fried Chicken	tidak
Sahid Group	tidak
Salim Group	tidak
Salim Ivomas Pratama	tidak
Samanea Jakarta Market	tidak
Samator Indo Gas	tidak
Samindo Resources	tidak
Samofis	tidak
Sampoerna Agro	tidak
Samudera Indonesia	tidak
Samudera Indoraya Perkasa	tidak
Samudera Puranabile Abadi	tidak
Samudra Marine Indonesia	tidak
Santika Indonesia Hotels & Resorts	tidak
Santos Jaya Abadi	tidak
Sanur Marindo Shipyard	tidak
Sanurhasta Mitra	tidak
Saptausaha Gemilangindah	tidak
Sarana Bahtera Shipyard	tidak
Sarana Meditama Metropolitan	tidak
Sarana Menara Nusantara	tidak
Sarana Mitra Luas	tidak
Sarana Multi Infrastruktur	tidak
Sarana Multigriya Finansial	tidak
Sarana Pembangunan Jawa Tengah	tidak
Saranacentral Bajatama	tidak
Saraswanti Anugerah Makmur	tidak
Saraswanti Indoland Development	tidak
Saraswati Griya Lestari	tidak
Saratoga Investama Sedaya	tidak
Sarga.co	tidak
Sari Kreasi Boga	tidak
Sari Roti	tidak
Sariguna Primatirta	tidak
Sarihusada Generasi Mahardhika	tidak
Sarimelati Kencana	tidak
Sarimi	tidak
Sariwangi	tidak
Sasa Inti	tidak
Sat Nusapersada	tidak
Satelindo	tidak
Satelit Nusantara Tiga	tidak
Satria Antaran Prima	tidak
Satria Dewa Studio	tidak
Satria Mega Kencana	tidak
Satu Saku Group	tidak
Satyamitra Kemas Lestari	tidak
Sawit Sumbermas Sarana	tidak
Sayaga Wisata	tidak
Schroder Investment Management Indonesia	tidak
Screenplay Bumilangit	tidak
Screenplay Films	tidak
Sebuku Iron Lateritic Ores	tidak
Segar Kumala Indonesia	tidak
Sejahtera Bintang Abadi Textile	tidak
Sejahteraraya Anugrahjaya	tidak
Sekar Bumi	tidak
Sekar Laut	tidak
Selamat Sempurna	tidak
Selaras Citra Nusantara Perkasa	tidak
Selaras Lawang Sewu	tidak
Seluma Mughnii Trinugraha	tidak
Semacom Integrated	tidak
Semen Bosowa	tidak
Semen Kupang	tidak
Semen Tonasa	tidak
Sentek Indonesia	tidak
Sentra Food Indonesia	tidak
Sentra Mega Kreasi	tidak
Sentra Surya Ekajaya	tidak
Sentral Mitra Informatika	tidak
Sentul City	tidak
Sepatu Bata	tidak
Sepeda Bersama Indonesia	tidak
Sequis Aset Manajemen	tidak
Serasi Autoraya	tidak
Shield On Service	tidak
Shinhan Asset Management Indonesia	tidak
Siantar Top	tidak
SiCepat Ekspres	tidak
Sido Muncul	tidak
Sidomulyo Selaras	tidak
Sierad Produce	tidak
SIG (Perusahaan)	tidak
Sigma Energy Compressindo	tidak
Sigmagold Inti Perkasa	tidak
Sillo Maritime Perdana	tidak
Siloam Hospitals Group	tidak
Sinar Mas Agribusiness & Food	tidak
Sinar Mas Agro Resources and Technology	tidak
Sinar Mas Group	tidak
Sinar Mas Multiartha	tidak
Sinar Mas Multifinance	tidak
Sinergi Inti Plastindo	tidak
Sinergi Megah Internusa	tidak
Sinergi Muda	tidak
Singaraja Putra	tidak
Sitara Propertindo	tidak
Siwani Makmur	tidak
Sky Energy Indonesia	tidak
Sky Parking	tidak
Skynindo	tidak
SLJ Global	tidak
Smart Telecom	tidak
Smartfren	tidak
SMR Utama	tidak
Socfin Indonesia	tidak
Soechi Lines	tidak
Soerabaia Rubberfabriek Ngagel NV	tidak
Soho Global Health	tidak
Solo Harmony Furniture	tidak
Solusi Bangun Indonesia	tidak
Solusi Kemasan Digital	tidak
Solusi Pembayaran Elektronik	tidak
Solusi Sinergi Digital	tidak
Solusi Tunas Pratama	tidak
Sona Topas Tourism Industry	tidak
Sony Music Indonesia	tidak
Sophie Paris	tidak
Soraya Intercine Films	tidak
Sorini Corporindo	tidak
SpeedUp Technology	tidak
SR12	tidak
SR12 Herbal Perkasa	tidak
Sri Rejeki Isman	tidak
Sriwahana Adityakarta	tidak
Star Energy	tidak
Star Pacific	tidak
Starvision Plus	tidak
Steadfast Marine	tidak
Steadfest Marine	tidak
Steady Safe	tidak
Steel Pipe Industry of Indonesia	tidak
Stream Entertainment	tidak
STRUGA	tidak
Studio Antelope	tidak
Studio X Production	tidak
Suba Indah	tidak
Sucorinvest Asset Management	tidak
Sugih Energy	tidak
Sukun Wartono Indonesia	tidak
Sumber Alfaria Trijaya	tidak
Sumber Energi Andalan	tidak
Sumber Global Energy	tidak
Sumber Mas Konstruksi	tidak
Sumber Tani Agung Resources	tidak
Sumberdaya Sewatama	tidak
Sumi Indo Kabel	tidak
Summarecon Agung	tidak
Summitplast	tidak
Sunindo Adipersada	tidak
Sunindo Pratama	tidak
Sunson Textile Manufacturer	tidak
Sunter Lakeside Hotel	tidak
Suparma	tidak
Super Energy	tidak
Superbank	tidak
Superkrane Mitra Utama	tidak
Supra Boga Lestari	tidak
Supreme Cable Manufacturing & Commerce	tidak
Surya Artha Nusantara Finance	tidak
Surya Biru Murni Acetylene	tidak
Surya Citra Media	tidak
Surya Citra Pictures	tidak
Surya Dharmagati	tidak
Surya Dumai Industri	tidak
Surya Esa Perkasa	tidak
Surya Fajar Capital	tidak
Surya Intrindo Makmur	tidak
Surya Pertiwi	tidak
Surya Semesta Internusa	tidak
Surya Toto Indonesia	tidak
Suryamas Dutamakmur	tidak
Suzuki Indomobil Motor	tidak
Syailendra Capital	tidak
Taman Impian Jaya Ancol	tidak
Tamaris Hidro	tidak
Tan Ek Tjoan	tidak
Tan's Film	tidak
Tanah Laut	ya
Tanah Laut (perusahaan)	tidak
Tanobel	tidak
Tapin Suthra Berjaya	tidak
TASPEN	tidak
TBS Energi Utama	tidak
Techno9 Indonesia	tidak
Tegal Shipyard Utama	tidak
Teh Pucuk Harum	tidak
Teijin Indonesia Fiber	tidak
Teknologi Karya Digital Nusa	tidak
Teknologi Pendidikan ID (Indonesia)	tidak
Teladan Prima Agro	tidak
Telefast Indonesia	tidak
Telekomindo Primabhakti	tidak
Telin	tidak
Telin Singapore	tidak
Telkom Indonesia	tidak
Telkomsel	tidak
Temas	ya
Tembaga Mulia Semanan	tidak
Tempo Inti Media	tidak
Tempo Media Group	tidak
Tempo Scan	tidak
Tempo Scan Pacific	tidak
Tera Data Indonusa	tidak
Terra Infia	tidak
Terregra Asia Energy	tidak
Tesco Indomaritim	tidak
Texmaco Jaya	tidak
Thiess Contractors Indonesia	tidak
Tifa Finance	tidak
Tiga Belas 45	tidak
Tiga Pilar Sejahtera Food	tidak
Tigaraksa Satria	tidak
Tiger Sugar	tidak
Tiger Wong Entertainment	tidak
TIKI	tidak
Timah	ya
Times	tidak
Timor Putra Nasional	tidak
Tiphone Mobile Indonesia	tidak
Tira Austenite	tidak
Tirta Mahakam Resources	tidak
Tirta Marta	tidak
Tirta Mas Perkasa	tidak
Tjiwi Kimia	tidak
Toba Bara Sejahtra	tidak
Toba Pulp Lestari	tidak
Toba Sejahtra	tidak
Toba Surimi Industries	tidak
Toffin Indonesia	tidak
Toko Gunung Agung	tidak
Tokopedia	tidak
Tolak Angin	tidak
Topotels Hotels & Resorts	tidak
Topremit	tidak
Tossa	tidak
Total Bangun Persada	tidak
Totalindo Eka Persada	tidak
Tourindo Guide Indonesia	tidak
Tower Bersama Infrastructure	tidak
Toyota Astra Financial Service	tidak
Toyota-Astra Motor	tidak
Toys Kingdom	tidak
Trada Alam Minera	tidak
Trans Power Marine	tidak
Trans Studio	tidak
Transcoal Pacific	tidak
Transindo Jaya Komara	tidak
Transkon Jaya	tidak
Transvision	tidak
Tri Banyan Tirta	tidak
Tri Indonesia	tidak
Tri Ratna Diesel Indonesia	tidak
Trias Sentosa	tidak
Tridiantara Alvindo	tidak
Tridomain Performance Materials	tidak
Trikomsel Oke	tidak
Trimegah Asset Management	tidak
Trimegah Bangun Persada	tidak
Trimegah Karya Pratama	tidak
Trimegah Sekuritas Indonesia	tidak
Trimitra Prawara Goldland	tidak
Trimitra Propertindo	tidak
Trimuda Nuansa Citra	tidak
Trinitan Metals and Minerals	tidak
Triniti Dinamik	tidak
Trinity Optima Production	tidak
Triputra Agro Persada	tidak
Trisula International	tidak
Trisula Textile Industries	tidak
Triwira Insanlestari	tidak
Tropicana Slim	tidak
Truba Alam Manunggal Engineering	tidak
Trust Finance Indonesia	tidak
Tunas Alfin	tidak
Tunas Baru Lampung	tidak
Tunas Karya Bahari	tidak
Tunas Ridean	tidak
Ulima Nitra	tidak
Ultra Jaya Milk Industry	tidak
Ultrajaya Milk	tidak
Umbara Brothers Film	tidak
Unggul Indah Cahaya	tidak
Unggul Sejati Abadi	tidak
Uni-Charm Indonesia	tidak
Unicor Prima Motor	tidak
Unilever Indonesia	tidak
United Tractors	tidak
Universal Music Indonesia	tidak
UOB Asset Management Indonesia	tidak
Urban Jakarta Propertindo	tidak
Usaha Pembiayaan RelianceIndonesia	tidak
Usda Seroja Jaya	tidak
Utama Radar Cahaya	tidak
V-Gen	tidak
Vale Indonesia	tidak
Vastland Indonesia	tidak
Venteny Fortuna International	tidak
Verena Multi Finance	tidak
Viandra Productions	tidak
Victoria Care Indonesia	tidak
Victoria Insurance	tidak
Victoria Investama	tidak
Victoria Manajemen Investasi	tidak
Vindes Corp	tidak
Virama Karya	tidak
Virtue Dragon Nickel Industry	tidak
Visi Media Asia	tidak
Visi Telekomunikasi Infrastruktur	tidak
Visinema Pictures	tidak
Vit	tidak
VIVO	tidak
VKTR	tidak
Voksel Electric	tidak
Voltron	tidak
Voyagin	tidak
Vrent	tidak
Wahana Express	tidak
Wahana Interfood Nusantara	tidak
Wahana Inti Makmur	tidak
Wahana Inti Selaras	tidak
Wahana Ottomitra Multiartha	tidak
Wahana Pronatural	tidak
Wangsa Jelita	tidak
Warisan Furniture	tidak
Warner Music Indonesia	tidak
Waroeng Steak & Shake	tidak
Waruna Shipyard Indonesia	tidak
Waskita Beton Precast	tidak
Waskita Karya	tidak
Waskita Realty	tidak
We the Teachers	tidak
Wet Plate Kitchen	tidak
WHouse	tidak
Wicaksana Overseas International	tidak
Widodo Makmur Perkasa	tidak
Widodo Makmur Unggas	tidak
Wijaya Cahaya Timber	tidak
Wijaya Karya	tidak
Wijaya Karya Bangunan Gedung	tidak
Wijaya Karya Beton	tidak
Wilmar Cahaya Indonesia	tidak
Wilton Makmur Indonesia	tidak
Winner Nusantara Jaya	tidak
Wintermar Offshore Marine	tidak
WIR Asia	tidak
Wira Global Solusi	tidak
Wismilak Group	tidak
Wismilak Inti Makmur	tidak
WOOK Global Technology	tidak
Wulandari Bangun Laksana	tidak
XLSmart	tidak
YAMAHA INDONESIA MOTOR MANUFACTURING	tidak
Yamaha Music Manufacturing Indonesia	tidak
Yanaprima Hastapersada	tidak
Yasa Wahana Tirta Samudera	tidak
YCAB Foundation	tidak
Yelooo Integra Datanet	tidak
Yogya Group	tidak
Yuanta Asset Management	tidak
Yulie Sekuritas Indonesia	tidak
Yummy Corp	tidak
Yupi	tidak
Zebra Nusantara	tidak
Zenius Education	tidak
Zyrexindo Mandiri Buana	tidak
