token	kelas	kbbi_pos	kbbi_semantic_class
abad	wilayah:kecamatan	Nomina	
abang	wilayah:kecamatan	Nomina	
abdi	orang:nama-depan	Nomina	
abdul	orang:nama-depan,orang:nama-keluarga		
abidin	orang:nama-depan,orang:nama-keluarga	Nomina	
abrar	orang:nama-depan	Adjektiva	
abu	orang:nama-depan	Nomina	
aceh	wilayah:kabupaten-kota,wilayah:kecamatan,wilayah:provinsi	Nomina	proper
adam	orang:nama-depan,orang:nama-keluarga	Nomina	proper
adinda	orang:nama-depan	Nomina	
adnan	orang:nama-depan,orang:nama-keluarga	Nomina	
afiat	orang:nama-depan	Adjektiva	
agam	orang:nama-depan,wilayah:kabupaten-kota	Adjektiva	
agung	orang:nama-depan,orang:nama-keluarga,wilayah:kecamatan	Adjektiva	
agus	orang:nama-depan,orang:nama-keluarga	Nomina	
ahsan	orang:nama-keluarga	Adjektiva	
air	wilayah:kecamatan	Nomina	
aji	orang:nama-depan,wilayah:kecamatan	Adjektiva	
ajung	wilayah:kecamatan		
akbar	orang:nama-depan,orang:nama-keluarga	Adjektiva	
akli	orang:nama-depan	Adjektiva	
akmal	orang:nama-depan	Adjektiva	
alahan	wilayah:kecamatan		
alai	wilayah:kecamatan	Nomina	
alak	wilayah:kecamatan	Verba	
alam	orang:nama-keluarga,wilayah:kabupaten-kota,wilayah:kecamatan		
alang	wilayah:kecamatan	Nomina	
alas	wilayah:kecamatan	Nomina	
ali	orang:nama-depan,orang:nama-keluarga	Verba	
alif	orang:nama-depan	Nomina	
alim	orang:nama-depan,orang:nama-keluarga	Adjektiva	
alin	orang:nama-depan	Verba	
alip	wilayah:kecamatan	Nomina	tempo
alis	orang:nama-depan	Nomina	
alor	wilayah:kabupaten-kota,wilayah:kecamatan	Nomina	proper
amal	orang:nama-depan,orang:nama-keluarga	Nomina	
aman	orang:nama-depan,wilayah:kecamatan	Adjektiva	
amar	orang:nama-depan,wilayah:kecamatan	Nomina	
amat	orang:nama-keluarga	Adverbia	
ambai	wilayah:kecamatan	Nomina	
ambal	wilayah:kecamatan	Nomina	
ambarawa	wilayah:kecamatan	Nomina	proper
ambon	wilayah:kabupaten-kota,wilayah:kecamatan	Nomina	proper
amen	wilayah:kecamatan	Verba	
ami	orang:nama-depan	Adjektiva	
amin	orang:nama-depan,orang:nama-keluarga	Partikel	fused
amina	orang:nama-depan	Nomina	
amir	orang:nama-depan	Nomina	
ampat	wilayah:kabupaten-kota		
ampek	wilayah:kecamatan	Nomina	
ampel	wilayah:kecamatan	Nomina	
amril	orang:nama-depan	Nomina	
ana	orang:nama-depan	Nomina	
anak	wilayah:kecamatan	Nomina	
ananda	orang:nama-depan	Nomina	
anda	orang:nama-depan	Pronomina	action
andam	wilayah:kecamatan	Nomina	
andika	orang:nama-depan	Nomina	
andong	wilayah:kecamatan	Nomina	
angel	orang:nama-depan	Adjektiva	
angga	orang:nama-depan	Verba	
anggai	orang:nama-keluarga	Nomina	
anggrek	wilayah:kecamatan	Nomina	
anggun	orang:nama-depan		
angin	wilayah:kecamatan	Nomina	
angkur	orang:nama-keluarga	Nomina	
angsana	wilayah:kecamatan	Nomina	
ani	orang:nama-depan	Nomina	
anis	orang:nama-depan,orang:nama-keluarga	Nomina	
anjir	wilayah:kecamatan		
ansari	orang:nama-keluarga	Nomina	
antara	wilayah:kecamatan	Nomina	
anyar	wilayah:kecamatan	Adjektiva	
ape	wilayah:kecamatan	Nomina	
apit	wilayah:kecamatan		
april	orang:nama-depan	Nomina	tempo
ara	wilayah:kecamatan	Nomina	
arahan	wilayah:kecamatan	Nomina	
aras	orang:nama-depan	Adjektiva	
ardi	orang:nama-depan,orang:nama-keluarga	Nomina	
are	wilayah:kecamatan	Nomina	
area	wilayah:kecamatan	Nomina	
aren	wilayah:kecamatan	Nomina	
ari	orang:nama-depan	Nomina	
aria	orang:nama-depan	Nomina	abstract
aries	orang:nama-depan	Nomina	locus
arif	orang:nama-depan,orang:nama-keluarga	Adjektiva	
arifin	orang:nama-keluarga	Nomina	
aris	orang:nama-depan	Nomina	
aron	wilayah:kecamatan	Adjektiva	
aru	wilayah:kabupaten-kota,wilayah:kecamatan	Nomina	
arya	orang:nama-depan	Nomina	
asad	orang:nama-depan	Nomina	
asahan	wilayah:kabupaten-kota	Nomina	
asai	wilayah:kecamatan	Nomina	
asam	wilayah:kecamatan	Nomina	
askar	orang:nama-keluarga	Nomina	
asma	orang:nama-depan	Nomina	
asmara	orang:nama-depan	Nomina	
asmat	wilayah:kabupaten-kota	Nomina	proper
asparaga	wilayah:kecamatan		
asri	orang:nama-depan		
atas	wilayah:kecamatan	Nomina	
atresia	orang:nama-depan	Nomina	
aulia	orang:nama-depan,orang:nama-keluarga	Nomina	
aur	wilayah:kecamatan	Nomina	
aura	orang:nama-depan	Nomina	abstract
aurora	orang:nama-depan	Nomina	
aurum	orang:nama-depan	Nomina	
awai	wilayah:kecamatan	Verba	
awan	wilayah:kecamatan		
awang	wilayah:kecamatan	Nomina	
ayah	wilayah:kecamatan	Nomina	
ayat	orang:nama-depan,orang:nama-keluarga	Nomina	
ayu	orang:nama-depan,orang:nama-keluarga	Adjektiva	
aziz	orang:nama-depan	Adjektiva	
babah	wilayah:kecamatan		
babakan	wilayah:kecamatan	Nomina	
babang	wilayah:kecamatan	Verba	
babar	wilayah:kecamatan	Verba	
babat	wilayah:kecamatan	Verba	
bada	wilayah:kecamatan	Verba	
badak	wilayah:kecamatan	Nomina	
badar	wilayah:kecamatan	Nomina	
badau	wilayah:kecamatan	Nomina	
badung	wilayah:kabupaten-kota	Nomina	
bagan	wilayah:kecamatan	Nomina	
bagas	orang:nama-depan	Adjektiva	
bagian	wilayah:kabupaten-kota,wilayah:kecamatan	Nomina	
bagor	wilayah:kecamatan	Nomina	
bagus	orang:nama-depan,orang:nama-keluarga	Adjektiva	
bah	wilayah:kecamatan	Nomina	
bahagia	wilayah:kecamatan	Nomina	
bahar	orang:nama-keluarga,wilayah:kecamatan	Nomina	
bahari	wilayah:kecamatan	Adjektiva	
baharu	wilayah:kecamatan		
baja	wilayah:kecamatan	Nomina	
bakam	wilayah:kecamatan	Nomina	
bakar	orang:nama-depan,orang:nama-keluarga	Verba	
baki	wilayah:kecamatan	Nomina	
bakti	wilayah:kecamatan	Nomina	
bakung	wilayah:kecamatan	Nomina	
bala	wilayah:kecamatan	Nomina	
balai	wilayah:kabupaten-kota,wilayah:kecamatan	Nomina	
balak	wilayah:kecamatan	Nomina	
balam	wilayah:kecamatan	Nomina	
balangan	wilayah:kabupaten-kota	Nomina	proper
balen	wilayah:kecamatan	Nomina	
bali	wilayah:provinsi	Nomina	proper
balik	wilayah:kecamatan	Nomina	
balikpapan	wilayah:kabupaten-kota,wilayah:kecamatan	Nomina	proper
balong	wilayah:kecamatan	Nomina	
balung	wilayah:kecamatan	Nomina	
bambang	orang:nama-depan,wilayah:kecamatan	Adjektiva	
bambanglipuro	wilayah:kecamatan	Nomina	locus
bancak	wilayah:kecamatan	Nomina	
bancar	wilayah:kecamatan	Adjektiva	
banda	wilayah:kabupaten-kota,wilayah:kecamatan	Nomina	
bandar	orang:nama-depan,wilayah:kabupaten-kota,wilayah:kecamatan	Nomina	
banding	wilayah:kecamatan	Nomina	
bando	orang:nama-depan	Nomina	
bandongan	wilayah:kecamatan	Nomina	
bandring	wilayah:kecamatan		
bandung	wilayah:kabupaten-kota,wilayah:kecamatan	Nomina	
bandungan	wilayah:kecamatan	Nomina	proper
bang	wilayah:kecamatan	Nomina	
banggai	wilayah:kabupaten-kota,wilayah:kecamatan	Nomina	proper
bangka	wilayah:kabupaten-kota,wilayah:kecamatan,wilayah:provinsi		
bangkalan	wilayah:kabupaten-kota,wilayah:kecamatan	Nomina	proper
bangli	wilayah:kabupaten-kota,wilayah:kecamatan	Nomina	proper
bangsa	wilayah:kecamatan	Nomina	
bangsal	wilayah:kecamatan	Nomina	
bangun	wilayah:kecamatan	Verba	
banguntapan	wilayah:kecamatan	Nomina	locus
banjang	wilayah:kecamatan	Nomina	
banjar	wilayah:kabupaten-kota,wilayah:kecamatan	Nomina	
banjaran	wilayah:kecamatan	Nomina	
banjarbaru	wilayah:kabupaten-kota,wilayah:kecamatan	Nomina	proper
banjarmasin	wilayah:kabupaten-kota,wilayah:kecamatan	Nomina	proper
banjarnegara	wilayah:kabupaten-kota,wilayah:kecamatan	Nomina	proper
banjarsari	wilayah:kecamatan	Nomina	proper
bantaeng	wilayah:kabupaten-kota,wilayah:kecamatan	Nomina	proper
bantaran	wilayah:kecamatan	Nomina	
banteng	wilayah:kecamatan	Nomina	
bantul	wilayah:kabupaten-kota,wilayah:kecamatan	Nomina	proper
banua	wilayah:kecamatan	Nomina	
banyak	wilayah:kecamatan	Adjektiva	
banyakan	wilayah:kecamatan		
banyuasin	wilayah:kabupaten-kota,wilayah:kecamatan	Nomina	proper
banyubiru	wilayah:kecamatan	Nomina	proper
banyumanik	wilayah:kecamatan	Nomina	proper
banyumas	wilayah:kabupaten-kota,wilayah:kecamatan	Nomina	proper
banyuwangi	wilayah:kabupaten-kota,wilayah:kecamatan	Nomina	proper
bara	orang:nama-keluarga,wilayah:kabupaten-kota,wilayah:kecamatan	Nomina	
baras	wilayah:kecamatan		
barat	wilayah:kabupaten-kota,wilayah:kecamatan,wilayah:provinsi		
bareng	wilayah:kecamatan	Adverbia	
barisan	wilayah:kecamatan	Nomina	
barita	wilayah:kecamatan	Nomina	
baron	orang:nama-depan,orang:nama-keluarga,wilayah:kecamatan	Nomina	
barong	wilayah:kecamatan	Nomina	
barru	wilayah:kabupaten-kota,wilayah:kecamatan	Nomina	proper
baru	orang:nama-keluarga,wilayah:kecamatan	Adjektiva	
basa	wilayah:kecamatan	Partikel	
basir	orang:nama-depan	Adjektiva	
baso	wilayah:kecamatan		
basung	wilayah:kecamatan	Nomina	
bata	wilayah:kecamatan	Nomina	
batam	wilayah:kabupaten-kota,wilayah:kecamatan	Nomina	proper
batang	wilayah:kabupaten-kota,wilayah:kecamatan	Nomina	
batangan	wilayah:kecamatan	Adjektiva	
batanghari	wilayah:kecamatan	Nomina	proper
batari	orang:nama-keluarga	Nomina	
bati	wilayah:kecamatan	Adjektiva	
batik	wilayah:kecamatan	Nomina	
batin	wilayah:kecamatan	Nomina	
batu	wilayah:kabupaten-kota,wilayah:kecamatan	Nomina	
batuan	wilayah:kecamatan	Nomina	
batung	wilayah:kecamatan		
bau	wilayah:kabupaten-kota	Nomina	
baun	orang:nama-keluarga,wilayah:kecamatan	Nomina	
bawah	wilayah:kecamatan	Nomina	
bawang	wilayah:kabupaten-kota,wilayah:kecamatan	Nomina	
bawen	wilayah:kecamatan	Nomina	proper
baya	wilayah:kecamatan	Nomina	
bayan	wilayah:kecamatan	Nomina	
bayang	wilayah:kecamatan	Nomina	
bayat	wilayah:kecamatan		
bayu	orang:nama-depan,wilayah:kecamatan	Nomina	
bayung	wilayah:kecamatan	Nomina	
bayur	wilayah:kecamatan	Nomina	
beber	wilayah:kecamatan	Verba	
beduk	wilayah:kecamatan	Nomina	
bekasi	wilayah:kabupaten-kota,wilayah:kecamatan	Nomina	proper
belakang	wilayah:kecamatan		
belang	wilayah:kecamatan	Nomina	
belas	wilayah:kecamatan	Nomina	
belat	wilayah:kecamatan	Nomina	
belawan	wilayah:kecamatan	Nomina	
belengkong	wilayah:kecamatan	Adjektiva	
belida	wilayah:kecamatan	Nomina	
belik	wilayah:kecamatan	Nomina	
belimbing	wilayah:kecamatan	Adjektiva	
belitung	wilayah:kabupaten-kota,wilayah:provinsi	Nomina	
belo	wilayah:kecamatan	Nomina	
belu	wilayah:kabupaten-kota,wilayah:kecamatan	Verba	
benda	wilayah:kecamatan	Nomina	
bendahara	wilayah:kecamatan	Nomina	
bendo	wilayah:kecamatan	Nomina	
bendungan	wilayah:kecamatan	Nomina	
bengkal	wilayah:kecamatan	Verba	
bengkalis	wilayah:kabupaten-kota,wilayah:kecamatan	Nomina	proper
bengkayang	wilayah:kabupaten-kota,wilayah:kecamatan	Adjektiva	
bengkong	wilayah:kecamatan	Adjektiva	
bengkulu	wilayah:kabupaten-kota,wilayah:provinsi	Nomina	proper
beni	orang:nama-depan	Nomina	
bening	orang:nama-depan	Adjektiva	
benteng	wilayah:kecamatan	Nomina	
benua	wilayah:kecamatan	Nomina	
beo	wilayah:kecamatan	Nomina	
berau	wilayah:kabupaten-kota	Nomina	proper
berbah	wilayah:kecamatan	Nomina	locus
beremas	wilayah:kecamatan	Verba	
bergas	wilayah:kecamatan	Adjektiva	
beringin	wilayah:kecamatan	Nomina	
berlian	orang:nama-depan,orang:nama-keluarga	Nomina	
beruntung	wilayah:kecamatan		
besar	orang:nama-depan,wilayah:kabupaten-kota,wilayah:kecamatan	Adjektiva	
besi	wilayah:kecamatan	Nomina	
bestari	wilayah:kecamatan	Adjektiva	
besuk	wilayah:kecamatan	Verba	
betara	wilayah:kecamatan	Nomina	
betung	wilayah:kecamatan	Nomina	
biak	wilayah:kabupaten-kota,wilayah:kecamatan	Verba	
biau	wilayah:kecamatan	Verba	
bidari	wilayah:kecamatan	Nomina	
biduk	wilayah:kecamatan	Nomina	
bika	wilayah:kecamatan		
bilah	wilayah:kecamatan	Nomina	
bima	wilayah:kabupaten-kota	Nomina	proper
bina	wilayah:kecamatan	Verba	
binar	orang:nama-depan	Nomina	
binjai	wilayah:kabupaten-kota,wilayah:kecamatan	Nomina	
bintan	wilayah:kabupaten-kota,wilayah:kecamatan	Nomina	
bintang	orang:nama-keluarga,wilayah:kabupaten-kota,wilayah:kecamatan	Nomina	
bireuen	wilayah:kabupaten-kota	Nomina	proper
biru	wilayah:kecamatan	Nomina	
bitung	wilayah:kabupaten-kota,wilayah:kecamatan	Nomina	proper
blitar	wilayah:kabupaten-kota	Nomina	proper
blora	wilayah:kabupaten-kota,wilayah:kecamatan	Nomina	locus
boalemo	wilayah:kabupaten-kota	Nomina	proper
bodhi	orang:nama-depan	Nomina	
bogor	wilayah:kabupaten-kota,wilayah:kecamatan	Nomina	
bojonegoro	wilayah:kabupaten-kota,wilayah:kecamatan	Nomina	proper
bola	wilayah:kecamatan	Nomina	
bolak	wilayah:kecamatan	Adjektiva	
bombana	wilayah:kabupaten-kota	Nomina	proper
bonang	wilayah:kecamatan		
bondowoso	wilayah:kabupaten-kota,wilayah:kecamatan	Nomina	proper
bone	wilayah:kabupaten-kota,wilayah:kecamatan	Nomina	proper
bonjol	wilayah:kecamatan		
bontang	wilayah:kabupaten-kota,wilayah:kecamatan	Nomina	proper
bonto	wilayah:kecamatan	Adjektiva	
borang	wilayah:kecamatan	Nomina	
borong	wilayah:kecamatan	Verba	
boyolali	wilayah:kabupaten-kota,wilayah:kecamatan	Nomina	proper
brebes	wilayah:kabupaten-kota,wilayah:kecamatan	Nomina	locus
bringin	wilayah:kecamatan	Nomina	proper
buana	wilayah:kecamatan	Nomina	
buaya	wilayah:kecamatan	Nomina	
bubutan	wilayah:kecamatan	Nomina	
budi	orang:nama-depan,orang:nama-keluarga	Nomina	
budiman	orang:nama-keluarga	Nomina	
bujang	wilayah:kecamatan	Nomina	
buk	wilayah:kecamatan	Nomina	
bukit	orang:nama-keluarga,wilayah:kecamatan	Nomina	
bukittinggi	wilayah:kabupaten-kota	Nomina	proper
bulak	wilayah:kecamatan	Nomina	
bulan	wilayah:kecamatan	Nomina	
bulang	wilayah:kecamatan	Nomina	
buleleng	wilayah:kabupaten-kota,wilayah:kecamatan	Nomina	proper
bulian	wilayah:kecamatan	Nomina	
bulu	wilayah:kecamatan	Nomina	
bulukumba	wilayah:kabupaten-kota	Nomina	proper
bulungan	wilayah:kabupaten-kota	Nomina	proper
bumbu	wilayah:kabupaten-kota		
bumi	wilayah:kecamatan		
bunga	orang:nama-depan,wilayah:kecamatan	Nomina	
bungkal	wilayah:kecamatan	Nomina	
bungo	wilayah:kabupaten-kota,wilayah:kecamatan	Nomina	proper
bungur	wilayah:kecamatan	Nomina	
buntu	wilayah:kecamatan	Verba	
bunut	wilayah:kecamatan	Nomina	
buol	wilayah:kabupaten-kota	Nomina	proper
bura	wilayah:kecamatan	Nomina	
burhan	orang:nama-depan	Nomina	
buru	wilayah:kabupaten-kota,wilayah:kecamatan	Verba	
burung	wilayah:kecamatan	Nomina	
buton	orang:nama-keluarga,wilayah:kabupaten-kota	Nomina	proper
butuh	wilayah:kecamatan	Verba	
buya	wilayah:kecamatan	Nomina	
cahaya	orang:nama-depan	Nomina	
cakung	wilayah:kecamatan	Nomina	proper
candi	wilayah:kecamatan	Nomina	
candisari	wilayah:kecamatan	Nomina	proper
candra	orang:nama-depan		
candung	wilayah:kecamatan	Nomina	
cangkringan	wilayah:kecamatan	Nomina	locus
cas	orang:nama-depan	Nomina	
catur	orang:nama-depan,orang:nama-keluarga,wilayah:kecamatan	Nomina	
cempa	wilayah:kecamatan	Nomina	
cempaka	wilayah:kecamatan	Nomina	
cendana	wilayah:kecamatan	Nomina	
cengal	wilayah:kecamatan		
cengkareng	wilayah:kecamatan	Nomina	proper
ceper	wilayah:kecamatan	Adjektiva	
cepu	wilayah:kecamatan	Nomina	
cermin	wilayah:kecamatan	Nomina	
ciamis	wilayah:kabupaten-kota,wilayah:kecamatan	Nomina	locus
cianjur	wilayah:kabupaten-kota,wilayah:kecamatan	Nomina	proper
cilacap	wilayah:kabupaten-kota,wilayah:kecamatan	Nomina	proper
cilandak	wilayah:kecamatan	Nomina	proper
cilegon	wilayah:kabupaten-kota,wilayah:kecamatan	Nomina	proper
cimahi	wilayah:kabupaten-kota,wilayah:kecamatan	Nomina	locus
cina	wilayah:kecamatan	Nomina	proper
cinta	orang:nama-depan	Adjektiva	
cipayung	wilayah:kecamatan	Nomina	proper
ciracas	wilayah:kecamatan	Nomina	proper
cirebon	wilayah:kabupaten-kota	Nomina	proper
citak	wilayah:kecamatan		
citra	orang:nama-depan	Nomina	
cogok	wilayah:kecamatan	Adjektiva	
compreng	wilayah:kecamatan		
concong	wilayah:kecamatan	Adjektiva	
congo	orang:nama-keluarga	Nomina	
cuaca	wilayah:kecamatan	Nomina	
cun	orang:nama-depan	Nomina	
cupu	orang:nama-keluarga	Nomina	
cut	wilayah:kecamatan	Nomina	
dadap	wilayah:kecamatan	Nomina	
dagangan	wilayah:kecamatan		
dagi	wilayah:kecamatan	Nomina	
dahlia	orang:nama-depan	Nomina	
dai	orang:nama-keluarga	Nomina	
dairi	wilayah:kabupaten-kota	Nomina	proper
dal	wilayah:kecamatan	Nomina	numeral
dalam	wilayah:kecamatan	Adjektiva	
dalil	orang:nama-keluarga	Nomina	
damai	wilayah:kecamatan	Nomina	
damar	wilayah:kecamatan	Nomina	
dampal	wilayah:kecamatan	Nomina	
dampit	wilayah:kecamatan	Nomina	
dan	wilayah:kabupaten-kota	Partikel	
dana	orang:nama-depan		
danau	wilayah:kecamatan	Nomina	
dandi	orang:nama-depan	Nomina	
danurejan	wilayah:kecamatan	Nomina	proper
dapa	orang:nama-depan	Nomina	
dara	orang:nama-depan	Nomina	
darat	wilayah:kecamatan	Nomina	
darma	orang:nama-keluarga,wilayah:kecamatan	Nomina	
darus	wilayah:kecamatan		
datar	wilayah:kabupaten-kota,wilayah:kecamatan	Adjektiva	
dataran	wilayah:kecamatan	Nomina	
datuk	wilayah:kecamatan	Nomina	
daulat	wilayah:kecamatan	Nomina	
dawan	wilayah:kecamatan	Nomina	
daya	wilayah:kabupaten-kota,wilayah:kecamatan,wilayah:provinsi	Nomina	
dedai	wilayah:kecamatan	Adjektiva	
deiyai	wilayah:kabupaten-kota,wilayah:kecamatan	Nomina	proper
delima	wilayah:kecamatan	Nomina	
delta	wilayah:kecamatan	Nomina	
demak	wilayah:kabupaten-kota,wilayah:kecamatan	Nomina	proper
demon	wilayah:kecamatan	Nomina	
dempet	wilayah:kecamatan	Adjektiva	
den	orang:nama-keluarga	Nomina	
dena	orang:nama-depan		
denai	wilayah:kecamatan	Nomina	
dendang	wilayah:kecamatan		
dendeng	orang:nama-keluarga	Nomina	
dendi	orang:nama-depan		
denpasar	wilayah:kabupaten-kota,wilayah:kecamatan	Nomina	proper
depok	wilayah:kabupaten-kota,wilayah:kecamatan	Nomina	proper
dera	orang:nama-depan	Nomina	
deras	wilayah:kecamatan	Adjektiva	
derek	orang:nama-depan	Nomina	
desa	wilayah:kecamatan	Nomina	
dewa	wilayah:kecamatan	Nomina	
dewangga	orang:nama-depan,orang:nama-keluarga	Nomina	
dewi	orang:nama-depan,orang:nama-keluarga,wilayah:kecamatan	Nomina	
dharmasraya	wilayah:kabupaten-kota	Nomina	proper
diah	orang:nama-depan,orang:nama-keluarga		
dian	orang:nama-depan,orang:nama-keluarga	Nomina	
dias	orang:nama-keluarga	Nomina	
didik	orang:nama-depan	Verba	
dikit	wilayah:kecamatan	Adjektiva	
din	orang:nama-depan	Nomina	
dina	orang:nama-depan		
dinar	orang:nama-depan	Nomina	
dinda	orang:nama-depan		
dini	orang:nama-depan,orang:nama-keluarga	Adjektiva	
dlingo	wilayah:kecamatan	Nomina	proper
dogiyai	wilayah:kabupaten-kota,wilayah:kecamatan	Nomina	proper
doko	wilayah:kecamatan	Nomina	
dolat	wilayah:kecamatan		
dolok	wilayah:kecamatan	Nomina	
dompu	wilayah:kabupaten-kota,wilayah:kecamatan	Nomina	proper
donald	orang:nama-depan	Nomina	proper
donggala	wilayah:kabupaten-kota	Nomina	proper
dua	wilayah:kecamatan		numeral
dukuh	wilayah:kecamatan	Nomina	
dukun	wilayah:kecamatan	Nomina	
dumai	wilayah:kabupaten-kota,wilayah:kecamatan	Nomina	proper
duren	wilayah:kecamatan		
duri	orang:nama-keluarga	Nomina	
durian	wilayah:kecamatan	Nomina	
dusun	wilayah:kecamatan	Nomina	
duta	orang:nama-keluarga	Nomina	
efendi	orang:nama-depan,orang:nama-keluarga	Nomina	
elo	orang:nama-keluarga	Nomina	
elok	orang:nama-depan	Adjektiva	
emas	wilayah:kecamatan	Nomina	
emir	orang:nama-depan	Nomina	
empang	wilayah:kecamatan		
empat	wilayah:kabupaten-kota,wilayah:kecamatan		numeral
endang	orang:nama-depan	Nomina	
ende	wilayah:kabupaten-kota,wilayah:kecamatan	Nomina	proper
enrekang	wilayah:kabupaten-kota,wilayah:kecamatan	Nomina	proper
erik	orang:nama-depan	Verba	
ester	orang:nama-depan	Nomina	
fajar	orang:nama-depan,orang:nama-keluarga,wilayah:kecamatan	Nomina	
fakfak	wilayah:kabupaten-kota,wilayah:kecamatan	Nomina	proper
falah	wilayah:kecamatan		
fatah	orang:nama-keluarga	Nomina	
fatihah	orang:nama-depan	Nomina	
fatri	orang:nama-depan	Nomina	
firdaus	orang:nama-keluarga	Nomina	
firman	orang:nama-depan,orang:nama-keluarga	Nomina	
fitri	orang:nama-depan	Adjektiva	
flora	orang:nama-depan	Nomina	
fuad	orang:nama-depan	Nomina	
gabus	wilayah:kecamatan	Nomina	
gadang	wilayah:kecamatan	Adjektiva	
gading	orang:nama-keluarga,wilayah:kecamatan	Nomina	
gadis	wilayah:kecamatan	Nomina	
gadung	wilayah:kecamatan	Nomina	
gafur	orang:nama-keluarga	Adjektiva	
gaib	wilayah:kecamatan	Verba	
gajah	wilayah:kecamatan		
gajahmungkur	wilayah:kecamatan	Nomina	proper
gala	wilayah:kecamatan	Nomina	
galang	wilayah:kecamatan	Nomina	
galuh	orang:nama-depan	Nomina	
galur	wilayah:kecamatan	Nomina	
gamal	orang:nama-depan	Nomina	
gambir	wilayah:kecamatan	Nomina	
gambut	wilayah:kecamatan	Nomina	
gamping	wilayah:kecamatan	Nomina	
gandapura	wilayah:kecamatan		
ganding	wilayah:kecamatan	Verba	
gani	orang:nama-depan,orang:nama-keluarga	Adjektiva	
ganjar	orang:nama-depan	Verba	
gantar	wilayah:kecamatan	Nomina	
ganting	wilayah:kecamatan	Adjektiva	
gantung	wilayah:kecamatan	Verba	
gapura	wilayah:kecamatan	Nomina	
garing	wilayah:kecamatan	Adjektiva	
garung	wilayah:kecamatan	Nomina	
garut	wilayah:kabupaten-kota,wilayah:kecamatan	Verba	
gatot	orang:nama-depan	Nomina	
gaung	wilayah:kecamatan	Nomina	
gayam	wilayah:kecamatan	Nomina	
gayamsari	wilayah:kecamatan	Nomina	proper
gebang	wilayah:kecamatan	Nomina	
gedang	wilayah:kecamatan		
gede	orang:nama-keluarga	Adjektiva	
gedong	wilayah:kecamatan	Nomina	
gedongtengen	wilayah:kecamatan	Nomina	proper
gedung	wilayah:kecamatan	Nomina	
geger	wilayah:kecamatan	Adjektiva	
gelam	wilayah:kecamatan	Nomina	
gelang	wilayah:kecamatan	Nomina	
gelugur	wilayah:kecamatan	Nomina	
gembong	wilayah:kecamatan	Nomina	
gempol	wilayah:kecamatan	Nomina	
gending	wilayah:kecamatan	Nomina	
geneng	wilayah:kecamatan	Adjektiva	
genteng	wilayah:kecamatan		
genuk	wilayah:kecamatan	Nomina	proper
geragai	wilayah:kecamatan		
gerih	wilayah:kecamatan	Nomina	
gerogol	wilayah:kecamatan	Nomina	
gerung	orang:nama-keluarga,wilayah:kecamatan	Nomina	
getasan	wilayah:kecamatan	Nomina	proper
gianyar	wilayah:kabupaten-kota,wilayah:kecamatan	Nomina	proper
gilang	orang:nama-depan	Adjektiva	
giri	wilayah:kecamatan	Nomina	
gita	orang:nama-depan	Nomina	
godean	wilayah:kecamatan	Nomina	locus
godong	wilayah:kecamatan	Nomina	
gondang	wilayah:kecamatan	Nomina	
gondokusuman	wilayah:kecamatan	Nomina	locus
gondomanan	wilayah:kecamatan	Nomina	locus
gorontalo	wilayah:kabupaten-kota,wilayah:provinsi	Nomina	proper
gowa	wilayah:kabupaten-kota	Nomina	proper
gresik	wilayah:kabupaten-kota,wilayah:kecamatan	Nomina	proper
grobogan	wilayah:kabupaten-kota,wilayah:kecamatan	Nomina	locus
grogol	wilayah:kecamatan	Nomina	proper
guci	wilayah:kecamatan	Nomina	
guna	orang:nama-depan,wilayah:kecamatan	Nomina	
gunawan	orang:nama-keluarga	Nomina	
guntur	wilayah:kecamatan	Nomina	
gunung	wilayah:kabupaten-kota,wilayah:kecamatan	Nomina	
gunungkidul	wilayah:kabupaten-kota	Nomina	proper
gunungpati	wilayah:kecamatan	Nomina	proper
gunungsitoli	wilayah:kabupaten-kota,wilayah:kecamatan	Nomina	proper
gurah	wilayah:kecamatan	Verba	
gurung	wilayah:kecamatan	Nomina	
gusti	orang:nama-depan,orang:nama-keluarga	Nomina	
habib	orang:nama-depan	Nomina	
habsyi	orang:nama-keluarga	Nomina	proper
hafiz	orang:nama-depan	Nomina	
hajar	orang:nama-depan	Verba	
haji	wilayah:kecamatan	Nomina	
hakim	orang:nama-depan,orang:nama-keluarga	Nomina	
halim	orang:nama-depan,orang:nama-keluarga,wilayah:kecamatan	Adjektiva	
hampang	wilayah:kecamatan	Nomina	
hampar	wilayah:kecamatan	Verba	
hamparan	wilayah:kecamatan	Nomina	
hamzah	orang:nama-keluarga	Nomina	
hana	orang:nama-depan	Adjektiva	
hanafi	orang:nama-keluarga	Nomina	abstract
hangat	wilayah:kecamatan	Adjektiva	
hangus	wilayah:kecamatan	Verba	
hanif	orang:nama-depan	Adjektiva	
hara	orang:nama-keluarga	Nomina	
harapan	orang:nama-depan,wilayah:kecamatan	Nomina	
hari	orang:nama-depan,orang:nama-keluarga,wilayah:kabupaten-kota,wilayah:kecamatan	Nomina	
harian	wilayah:kecamatan	Nomina	
haris	orang:nama-depan,orang:nama-keluarga	Nomina	
harta	wilayah:kecamatan	Nomina	
hartawan	orang:nama-keluarga	Nomina	
harus	wilayah:kecamatan	Adverbia	
hasan	orang:nama-depan,orang:nama-keluarga	Adjektiva	
hatta	orang:nama-keluarga	Partikel	
haur	wilayah:kecamatan	Nomina	
hayati	orang:nama-depan,orang:nama-keluarga		
helm	orang:nama-keluarga	Nomina	
henry	orang:nama-depan,orang:nama-keluarga	Nomina	
hidayah	orang:nama-keluarga	Nomina	
hidayat	orang:nama-depan,orang:nama-keluarga		
hijau	wilayah:kecamatan	Nomina	
hikmah	wilayah:kecamatan	Nomina	
hikmat	orang:nama-depan	Nomina	
hilir	wilayah:kabupaten-kota,wilayah:kecamatan	Nomina	
hitam	wilayah:kecamatan		
hubung	wilayah:kecamatan	Verba	
hulu	wilayah:kabupaten-kota,wilayah:kecamatan	Nomina	
ibu	orang:nama-depan,wilayah:kecamatan	Nomina	
ibun	wilayah:kecamatan	Nomina	
ida	orang:nama-depan	Nomina	proper
idah	orang:nama-keluarga	Nomina	
ihsan	orang:nama-depan,wilayah:kecamatan	Adjektiva	
ikhtiar	orang:nama-depan	Nomina	
ikhwan	orang:nama-depan	Nomina	
ilham	orang:nama-depan,orang:nama-keluarga	Nomina	
ilir	wilayah:kabupaten-kota,wilayah:kecamatan		
ilu	wilayah:kecamatan	Adjektiva	
imam	orang:nama-depan	Nomina	
iman	orang:nama-depan	Nomina	
imogiri	wilayah:kecamatan	Nomina	proper
ina	orang:nama-depan		
indah	orang:nama-depan	Adjektiva	
indra	orang:nama-depan,orang:nama-keluarga,wilayah:kecamatan	Nomina	
indramayu	wilayah:kabupaten-kota,wilayah:kecamatan	Nomina	proper
ingin	wilayah:kecamatan		
insani	orang:nama-keluarga	Adjektiva	
intan	orang:nama-depan,wilayah:kabupaten-kota,wilayah:kecamatan	Nomina	
ipuh	wilayah:kecamatan	Nomina	
ira	orang:nama-depan	Nomina	
iram	wilayah:kecamatan	Adjektiva	
iris	orang:nama-depan	Nomina	
isak	orang:nama-depan	Nomina	
isim	wilayah:kecamatan		
islami	orang:nama-keluarga	Adjektiva	
isra	orang:nama-depan	Nomina	
jabung	wilayah:kabupaten-kota,wilayah:kecamatan	Nomina	
jadi	wilayah:kecamatan	Verba	
jagakarsa	wilayah:kecamatan	Nomina	proper
jaka	orang:nama-depan		
jakarta	wilayah:kabupaten-kota,wilayah:provinsi	Nomina	proper
jalil	orang:nama-depan	Adjektiva	
jamal	orang:nama-depan	Nomina	
jambangan	wilayah:kecamatan	Nomina	
jambe	wilayah:kecamatan	Nomina	
jambi	wilayah:kabupaten-kota,wilayah:kecamatan,wilayah:provinsi	Nomina	proper
jamblang	wilayah:kecamatan	Nomina	
jambon	wilayah:kecamatan	Adjektiva	
jambu	wilayah:kecamatan	Nomina	
jamil	orang:nama-depan,orang:nama-keluarga		
janggut	wilayah:kecamatan	Nomina	
jangka	wilayah:kecamatan	Nomina	
jangkang	wilayah:kecamatan	Nomina	
jangkar	wilayah:kecamatan	Nomina	
jangkat	wilayah:kecamatan	Nomina	
janji	wilayah:kecamatan	Nomina	
jap	orang:nama-keluarga	Adjektiva	
jaro	wilayah:kecamatan	Nomina	
jati	wilayah:kecamatan	Adjektiva	
jatinegara	wilayah:kecamatan	Nomina	proper
jauh	wilayah:kecamatan	Adjektiva	
jauhari	orang:nama-keluarga		
jauza	orang:nama-depan	Nomina	proper
jawa	wilayah:kecamatan,wilayah:provinsi	Nomina	proper
jaya	orang:nama-keluarga,wilayah:kabupaten-kota,wilayah:kecamatan	Adjektiva	
jayapura	wilayah:kabupaten-kota,wilayah:kecamatan	Nomina	proper
jayawijaya	wilayah:kabupaten-kota	Nomina	proper
jebres	wilayah:kecamatan	Nomina	proper
jejawi	wilayah:kecamatan		
jelai	wilayah:kecamatan	Nomina	
jelang	orang:nama-depan	Verba	
jelita	orang:nama-depan	Adjektiva	
jelutung	wilayah:kecamatan	Nomina	
jember	wilayah:kabupaten-kota		
jembrana	wilayah:kabupaten-kota,wilayah:kecamatan	Nomina	
jenangan	wilayah:kecamatan	Nomina	
jenawi	wilayah:kecamatan	Nomina	
jeneponto	wilayah:kabupaten-kota	Nomina	proper
jenu	wilayah:kecamatan	Nomina	
jepara	wilayah:kabupaten-kota,wilayah:kecamatan	Nomina	proper
jernih	wilayah:kecamatan	Adjektiva	
jeruk	wilayah:kecamatan	Nomina	
jetis	wilayah:kecamatan	Verba	
jila	wilayah:kecamatan	Verba	
jim	orang:nama-depan	Nomina	
jin	orang:nama-depan	Nomina	
jirak	wilayah:kecamatan	Nomina	
jitu	wilayah:kecamatan		
johan	orang:nama-depan,wilayah:kecamatan	Nomina	
johar	orang:nama-depan,wilayah:kecamatan	Nomina	locus
jombang	wilayah:kabupaten-kota,wilayah:kecamatan	Adjektiva	
jonggol	wilayah:kecamatan	Nomina	
jongkong	wilayah:kecamatan	Nomina	
jorong	wilayah:kecamatan	Adjektiva	
juang	orang:nama-keluarga,wilayah:kecamatan	Verba	
juli	wilayah:kecamatan	Nomina	tempo
junior	orang:nama-depan	Adjektiva	
junjung	wilayah:kecamatan	Verba	
jurai	wilayah:kecamatan	Nomina	
kabat	wilayah:kecamatan	Verba	
kabung	wilayah:kecamatan	Nomina	
kade	orang:nama-depan	Nomina	
kadipaten	wilayah:kecamatan	Nomina	
kadir	orang:nama-keluarga	Adjektiva	
kahar	orang:nama-keluarga	Nomina	
kaimana	wilayah:kabupaten-kota,wilayah:kecamatan	Nomina	proper
kais	wilayah:kecamatan	Verba	
kajang	wilayah:kecamatan	Nomina	
kakap	wilayah:kecamatan	Nomina	
kakas	wilayah:kecamatan	Nomina	
kalang	wilayah:kecamatan	Nomina	
kalasan	wilayah:kecamatan	Nomina	locus
kali	wilayah:kecamatan	Nomina	
kalideres	wilayah:kecamatan	Nomina	proper
kalis	wilayah:kecamatan	Adjektiva	
kaliwungu	wilayah:kecamatan	Nomina	proper
kamal	orang:nama-depan,orang:nama-keluarga,wilayah:kecamatan	Adjektiva	
kamil	orang:nama-depan,orang:nama-keluarga		
kampa	wilayah:kecamatan	Nomina	
kampai	wilayah:kecamatan	Verba	
kampak	wilayah:kecamatan		
kampar	wilayah:kabupaten-kota,wilayah:kecamatan	Nomina	proper
kampit	wilayah:kecamatan		
kampung	wilayah:kecamatan	Nomina	
kamu	wilayah:kecamatan		
kanan	wilayah:kabupaten-kota,wilayah:kecamatan	Nomina	
kandis	wilayah:kecamatan	Nomina	
kang	orang:nama-depan	Nomina	
kangkung	wilayah:kecamatan	Nomina	
kapak	wilayah:kecamatan	Nomina	
kapas	wilayah:kecamatan	Nomina	
kapuas	wilayah:kabupaten-kota,wilayah:kecamatan	Nomina	proper
kapur	wilayah:kecamatan	Nomina	
karang	orang:nama-keluarga,wilayah:kecamatan	Nomina	
karangan	wilayah:kecamatan	Nomina	
karanganyar	wilayah:kabupaten-kota,wilayah:kecamatan	Nomina	proper
karangasem	wilayah:kabupaten-kota,wilayah:kecamatan	Nomina	proper
karas	wilayah:kecamatan	Nomina	
karau	wilayah:kecamatan	Verba	
karawang	wilayah:kabupaten-kota,wilayah:kecamatan	Nomina	proper
karel	orang:nama-depan	Nomina	
karim	orang:nama-depan,orang:nama-keluarga	Adjektiva	
karimun	wilayah:kabupaten-kota,wilayah:kecamatan	Nomina	proper
karina	orang:nama-depan	Nomina	
karisma	orang:nama-depan,orang:nama-keluarga	Nomina	
karma	orang:nama-keluarga	Nomina	
karo	wilayah:kabupaten-kota	Nomina	proper
kartika	orang:nama-depan,orang:nama-keluarga	Nomina	
karu	wilayah:kecamatan	Adjektiva	
karya	wilayah:kecamatan	Nomina	
kasi	wilayah:kecamatan	Verba	
kasihan	wilayah:kecamatan	Nomina	
kasim	orang:nama-depan,orang:nama-keluarga	Adjektiva	
kasuari	wilayah:kecamatan	Nomina	
kasui	wilayah:kecamatan	Nomina	
katingan	wilayah:kabupaten-kota,wilayah:kecamatan	Nomina	proper
kaum	wilayah:kecamatan	Nomina	
kauman	wilayah:kecamatan	Nomina	
kaur	wilayah:kabupaten-kota,wilayah:kecamatan	Nomina	proper
kayan	wilayah:kecamatan	Nomina	
kayangan	wilayah:kecamatan		
kayu	wilayah:kecamatan	Nomina	
kebayoran	wilayah:kecamatan	Nomina	proper
kebo	wilayah:kecamatan		
kebon	wilayah:kecamatan	Nomina	locus
kebumen	wilayah:kabupaten-kota,wilayah:kecamatan	Nomina	proper
kebun	wilayah:kecamatan	Nomina	
kecil	wilayah:kecamatan,wilayah:provinsi	Adjektiva	
kecubung	wilayah:kecamatan	Nomina	
kedamaian	wilayah:kecamatan	Nomina	
kediri	wilayah:kabupaten-kota,wilayah:kecamatan	Nomina	proper
kedondong	wilayah:kecamatan	Nomina	
kedung	wilayah:kecamatan	Nomina	
keerom	wilayah:kabupaten-kota	Nomina	proper
kejuruan	wilayah:kecamatan	Nomina	
kelam	wilayah:kecamatan	Adjektiva	
kelapa	wilayah:kecamatan	Nomina	
kelara	wilayah:kecamatan	Nomina	
kelayang	wilayah:kecamatan	Nomina	
keliling	wilayah:kecamatan	Nomina	
keling	wilayah:kecamatan	Nomina	proper
kelua	wilayah:kecamatan	Nomina	
keluang	wilayah:kecamatan	Nomina	
kelumpang	wilayah:kecamatan	Nomina	
kemal	orang:nama-depan	Adjektiva	
kemang	wilayah:kecamatan	Nomina	
kemayoran	wilayah:kecamatan	Nomina	proper
kembang	wilayah:kecamatan	Verba	
kembangan	wilayah:kecamatan	Nomina	
kembar	wilayah:kecamatan	Adjektiva	
kembaran	wilayah:kecamatan	Nomina	
kembu	wilayah:kecamatan	Nomina	
kemiri	wilayah:kecamatan	Nomina	
kempas	wilayah:kecamatan		
kemumu	wilayah:kecamatan	Nomina	
kemuning	wilayah:kecamatan	Nomina	
ken	orang:nama-depan	Nomina	
kenanga	wilayah:kecamatan	Nomina	
kenas	orang:nama-depan	Nomina	
kencana	wilayah:kecamatan		
kencong	wilayah:kecamatan	Adjektiva	
kendal	wilayah:kabupaten-kota,wilayah:kecamatan	Nomina	
kendari	wilayah:kabupaten-kota,wilayah:kecamatan	Nomina	proper
kendit	wilayah:kecamatan	Nomina	
kenyam	wilayah:kecamatan	Verba	
kepahiang	wilayah:kabupaten-kota,wilayah:kecamatan	Nomina	proper
kepala	wilayah:kecamatan	Nomina	
kepayang	wilayah:kecamatan	Nomina	
kepil	wilayah:kecamatan	Adjektiva	
kepulauan	wilayah:kabupaten-kota,wilayah:kecamatan,wilayah:provinsi	Nomina	
kepung	wilayah:kecamatan	Verba	
kerajaan	wilayah:kecamatan	Nomina	
keramat	wilayah:kecamatan	Adjektiva	
kerek	wilayah:kecamatan	Nomina	
keresidenan	wilayah:kabupaten-kota	Nomina	
kerinci	wilayah:kabupaten-kota,wilayah:kecamatan	Nomina	proper
kerkap	wilayah:kecamatan		
kertak	wilayah:kecamatan	Nomina	
keruh	wilayah:kecamatan	Adjektiva	
kesambi	wilayah:kecamatan	Nomina	
kesuma	orang:nama-depan		
ketapang	wilayah:kabupaten-kota,wilayah:kecamatan	Nomina	
kian	wilayah:kecamatan	Nomina	
kiara	orang:nama-depan	Nomina	
kidul	wilayah:kecamatan	Nomina	
kijang	wilayah:kecamatan	Nomina	
kilangan	wilayah:kecamatan	Nomina	
kilo	wilayah:kecamatan	Nomina	
kim	orang:nama-depan	Nomina	
kimo	orang:nama-depan	Nomina	
kiong	orang:nama-depan		
kirana	orang:nama-depan	Nomina	
kiri	wilayah:kecamatan	Nomina	
kisar	wilayah:kecamatan	Nomina	
kisaran	wilayah:kecamatan	Nomina	
klangenan	wilayah:kecamatan	Nomina	
klaten	wilayah:kabupaten-kota,wilayah:kecamatan	Nomina	proper
kliwon	wilayah:kecamatan	Nomina	tempo
klungkung	wilayah:kabupaten-kota,wilayah:kecamatan	Nomina	proper
kobak	orang:nama-keluarga	Nomina	
kodi	wilayah:kecamatan	Nomina	
koja	wilayah:kecamatan	Nomina	
kok	orang:nama-depan,wilayah:kecamatan	Nomina	
kokas	wilayah:kecamatan		
kolaka	wilayah:kabupaten-kota,wilayah:kecamatan	Nomina	proper
koman	orang:nama-keluarga	Nomina	
komodo	wilayah:kecamatan	Nomina	
konawe	wilayah:kabupaten-kota,wilayah:kecamatan	Nomina	proper
kosambi	wilayah:kecamatan		
kota	wilayah:kabupaten-kota,wilayah:kecamatan	Nomina	
kotabaru	wilayah:kabupaten-kota	Nomina	proper
kotagede	wilayah:kecamatan	Nomina	locus
kotamobagu	wilayah:kabupaten-kota,wilayah:kecamatan	Nomina	proper
kramat	wilayah:kecamatan	Nomina	proper
kraton	wilayah:kecamatan	Nomina	locus
kretek	wilayah:kecamatan	Nomina	loan
krista	orang:nama-depan	Nomina	
kuala	wilayah:kabupaten-kota,wilayah:kecamatan	Nomina	
kuang	wilayah:kecamatan	Nomina	
kuari	wilayah:kecamatan	Nomina	
kubang	wilayah:kecamatan	Nomina	
kubu	wilayah:kabupaten-kota,wilayah:kecamatan	Nomina	
kubung	wilayah:kecamatan	Nomina	
kudu	wilayah:kecamatan	Nomina	
kudus	wilayah:kabupaten-kota,wilayah:kecamatan	Adjektiva	
kuis	wilayah:kecamatan	Verba	
kulim	wilayah:kecamatan	Nomina	
kulon	wilayah:kabupaten-kota,wilayah:kecamatan	Nomina	
kumai	wilayah:kecamatan	Nomina	
kumala	orang:nama-keluarga		
kumbang	wilayah:kecamatan		
kundur	wilayah:kecamatan	Nomina	
kunduran	wilayah:kecamatan	Verba	
kuning	wilayah:kecamatan	Nomina	
kuningan	wilayah:kabupaten-kota,wilayah:kecamatan	Nomina	tempo
kunir	wilayah:kecamatan		
kunyit	wilayah:kecamatan	Nomina	
kupang	wilayah:kabupaten-kota,wilayah:kecamatan		
kur	wilayah:kecamatan	Nomina	
kuras	wilayah:kecamatan	Nomina	
kurau	wilayah:kecamatan	Nomina	
kurik	wilayah:kecamatan	Nomina	
kuripan	wilayah:kecamatan	Nomina	
kurun	wilayah:kecamatan	Nomina	
kusuma	orang:nama-keluarga	Nomina	
kuta	wilayah:kecamatan	Verba	
labang	wilayah:kecamatan	Verba	
labu	wilayah:kecamatan	Nomina	
labuhanbatu	wilayah:kabupaten-kota	Nomina	proper
lada	wilayah:kecamatan	Nomina	
lagan	wilayah:kecamatan	Nomina	
lago	wilayah:kecamatan	Nomina	
lahat	wilayah:kabupaten-kota,wilayah:kecamatan		
lais	wilayah:kecamatan	Nomina	
laksamana	wilayah:kecamatan	Nomina	
laksmi	orang:nama-depan	Nomina	proper
lala	wilayah:kecamatan	Nomina	
lalu	orang:nama-keluarga	Verba	
lama	wilayah:kecamatan	Adjektiva	
lamandau	wilayah:kabupaten-kota,wilayah:kecamatan	Nomina	proper
lambai	wilayah:kecamatan	Verba	
lambert	orang:nama-depan	Nomina	
lambu	wilayah:kecamatan	Nomina	
lamongan	wilayah:kabupaten-kota,wilayah:kecamatan	Nomina	proper
lampam	wilayah:kecamatan	Nomina	
lampung	wilayah:kabupaten-kota,wilayah:provinsi	Nomina	
lana	orang:nama-depan	Nomina	
landak	wilayah:kabupaten-kota	Nomina	
landasan	wilayah:kecamatan	Nomina	
landau	orang:nama-keluarga	Verba	
langgam	wilayah:kecamatan	Nomina	
langkat	wilayah:kabupaten-kota	Nomina	
langsa	wilayah:kabupaten-kota,wilayah:kecamatan	Nomina	proper
langsat	wilayah:kecamatan	Nomina	
lantung	wilayah:kecamatan	Verba	
lapang	wilayah:kecamatan	Adjektiva	
larangan	wilayah:kecamatan	Nomina	
laras	wilayah:kecamatan	Nomina	
lasi	wilayah:kecamatan	Adjektiva	
laung	wilayah:kecamatan		
laur	wilayah:kecamatan	Adjektiva	
laut	orang:nama-keluarga,wilayah:kabupaten-kota,wilayah:kecamatan	Nomina	
lawa	wilayah:kecamatan	Nomina	
lawan	wilayah:kecamatan	Nomina	
lawang	wilayah:kabupaten-kota,wilayah:kecamatan	Nomina	
lawas	wilayah:kabupaten-kota,wilayah:kecamatan	Adjektiva	
lawe	wilayah:kecamatan		
laweyan	wilayah:kecamatan	Nomina	proper
layar	wilayah:kecamatan	Nomina	
lebak	wilayah:kabupaten-kota,wilayah:kecamatan	Nomina	
lebang	orang:nama-keluarga	Adjektiva	
lebar	wilayah:kecamatan	Adjektiva	
lebong	wilayah:kabupaten-kota,wilayah:kecamatan	Nomina	proper
lega	orang:nama-keluarga	Adjektiva	
legok	wilayah:kecamatan		
lekok	wilayah:kecamatan		
lela	wilayah:kecamatan	Nomina	
lelak	wilayah:kecamatan		
leles	wilayah:kecamatan	Nomina	
lembah	wilayah:kecamatan	Nomina	
lembak	wilayah:kecamatan		
lembang	wilayah:kecamatan	Adjektiva	
lembar	wilayah:kecamatan	Nomina	
lembata	wilayah:kabupaten-kota	Nomina	proper
lembur	wilayah:kecamatan	Nomina	
lena	orang:nama-depan		
lencir	wilayah:kecamatan	Adjektiva	
lengkong	wilayah:kecamatan	Nomina	
lenteng	wilayah:kecamatan		
leo	orang:nama-depan,orang:nama-keluarga	Nomina	locus
lestari	orang:nama-keluarga		
lesung	wilayah:kecamatan	Nomina	
lewa	wilayah:kecamatan		
lhokseumawe	wilayah:kabupaten-kota	Nomina	proper
liana	orang:nama-depan	Nomina	
liang	orang:nama-depan,orang:nama-keluarga,wilayah:kecamatan	Nomina	
licin	wilayah:kecamatan	Adjektiva	
lili	orang:nama-depan,wilayah:kecamatan	Nomina	
lilin	wilayah:kecamatan	Nomina	
lima	orang:nama-keluarga,wilayah:kabupaten-kota,wilayah:kecamatan		numeral
liman	orang:nama-keluarga	Nomina	
limau	wilayah:kecamatan		
limbur	wilayah:kecamatan	Verba	
limpung	wilayah:kecamatan	Nomina	
limun	wilayah:kecamatan	Nomina	
lin	orang:nama-depan,orang:nama-keluarga	Nomina	
lindu	wilayah:kecamatan	Nomina	
ling	orang:nama-depan	Nomina	
lingga	orang:nama-depan,wilayah:kabupaten-kota,wilayah:kecamatan		
lintang	orang:nama-keluarga,wilayah:kecamatan	Nomina	
lintas	wilayah:kecamatan	Nomina	
lio	wilayah:kecamatan		
liong	orang:nama-depan		
lirik	wilayah:kecamatan	Verba	
loban	wilayah:kecamatan	Nomina	
lok	orang:nama-depan	Nomina	
lolak	wilayah:kecamatan	Nomina	
lolong	wilayah:kecamatan	Nomina	
lombok	wilayah:kabupaten-kota	Nomina	
long	wilayah:kecamatan	Nomina	
luak	wilayah:kecamatan	Adjektiva	
luang	wilayah:kecamatan	Adjektiva	
luar	wilayah:kecamatan	Nomina	
luas	wilayah:kecamatan	Adjektiva	
lubuk	wilayah:kabupaten-kota,wilayah:kecamatan	Nomina	
lues	wilayah:kabupaten-kota	Nomina	
luhak	wilayah:kecamatan		
luluk	orang:nama-depan	Nomina	
lumajang	wilayah:kabupaten-kota,wilayah:kecamatan	Nomina	proper
lumar	wilayah:kecamatan	Verba	
lumbung	wilayah:kecamatan	Nomina	
lumut	wilayah:kecamatan	Nomina	
lungkang	wilayah:kecamatan	Nomina	
lurah	wilayah:kecamatan	Nomina	
luwu	wilayah:kabupaten-kota	Nomina	proper
macang	wilayah:kecamatan		
madang	wilayah:kecamatan	Adjektiva	
madani	wilayah:kecamatan		
madat	wilayah:kecamatan	Nomina	
madiun	wilayah:kabupaten-kota,wilayah:kecamatan	Nomina	locus
madukara	wilayah:kecamatan	Nomina	
maesan	wilayah:kecamatan		
magelang	wilayah:kabupaten-kota,wilayah:kecamatan	Nomina	proper
magersari	wilayah:kecamatan	Nomina	
magetan	wilayah:kabupaten-kota,wilayah:kecamatan	Nomina	proper
mahadewi	orang:nama-depan	Nomina	
maharani	orang:nama-depan	Nomina	
mahardika	orang:nama-depan	Adjektiva	
mahbub	orang:nama-depan		
mahdi	orang:nama-depan	Nomina	
mahfuz	orang:nama-keluarga	Nomina	
mahmud	orang:nama-depan	Nomina	
maimun	orang:nama-depan,wilayah:kecamatan	Adjektiva	
maja	wilayah:kecamatan	Nomina	
majalengka	wilayah:kabupaten-kota,wilayah:kecamatan	Nomina	proper
majene	wilayah:kabupaten-kota	Nomina	proper
makasar	wilayah:kecamatan	Nomina	proper
makassar	wilayah:kabupaten-kota,wilayah:kecamatan	Nomina	proper
makian	wilayah:kecamatan		
makmur	wilayah:kecamatan	Adjektiva	
malai	wilayah:kecamatan	Nomina	
malaka	wilayah:kabupaten-kota,wilayah:kecamatan	Nomina	
malan	wilayah:kecamatan	Adjektiva	
malang	wilayah:kabupaten-kota	Adjektiva	
malik	orang:nama-depan,orang:nama-keluarga	Nomina	
malin	wilayah:kecamatan		
malinau	wilayah:kabupaten-kota,wilayah:kecamatan	Nomina	proper
mam	wilayah:kecamatan	Nomina	
mamasa	wilayah:kabupaten-kota,wilayah:kecamatan	Nomina	proper
mampang	wilayah:kecamatan	Nomina	proper
mamuju	wilayah:kabupaten-kota,wilayah:kecamatan	Nomina	proper
man	orang:nama-depan	Nomina	
manado	wilayah:kabupaten-kota	Nomina	proper
manau	wilayah:kecamatan	Nomina	
mandah	wilayah:kecamatan	Nomina	
mandai	wilayah:kecamatan	Nomina	
mandar	wilayah:kabupaten-kota	Nomina	proper
mandau	wilayah:kecamatan	Nomina	
mandi	wilayah:kecamatan	Verba	
mandiri	wilayah:kecamatan	Adjektiva	
mandor	wilayah:kecamatan	Nomina	
manggala	wilayah:kecamatan	Nomina	
manggar	wilayah:kecamatan	Nomina	
manggarai	wilayah:kabupaten-kota	Nomina	proper
manggis	wilayah:kecamatan		
mangkubumi	wilayah:kecamatan	Nomina	
manis	wilayah:kecamatan	Adjektiva	
manokwari	wilayah:kabupaten-kota,wilayah:kecamatan	Nomina	locus
mantik	orang:nama-keluarga	Nomina	
mantrijeron	wilayah:kecamatan	Nomina	proper
manyar	wilayah:kecamatan		
mappi	wilayah:kabupaten-kota	Nomina	proper
mara	orang:nama-depan	Nomina	
maraja	wilayah:kecamatan	Nomina	
maras	wilayah:kecamatan	Adjektiva	
mare	wilayah:kecamatan	Nomina	
marga	orang:nama-depan,wilayah:kecamatan	Nomina	
mari	orang:nama-depan	Partikel	
maria	orang:nama-depan	Nomina	
marina	orang:nama-depan	Nomina	
mark	orang:nama-depan		
markis	orang:nama-depan	Nomina	
maro	wilayah:kecamatan	Nomina	
maros	wilayah:kabupaten-kota,wilayah:kecamatan	Nomina	proper
martini	orang:nama-keluarga	Nomina	
maru	wilayah:kecamatan	Nomina	
marwah	orang:nama-keluarga		
mas	wilayah:kabupaten-kota,wilayah:kecamatan		
masa	wilayah:kecamatan	Nomina	
masohi	wilayah:kecamatan	Nomina	
mata	wilayah:kecamatan	Nomina	
matan	wilayah:kecamatan	Nomina	
mataram	wilayah:kabupaten-kota,wilayah:kecamatan	Nomina	proper
mati	wilayah:kecamatan		
matraman	wilayah:kecamatan	Nomina	proper
matur	wilayah:kecamatan		
maulana	orang:nama-depan,orang:nama-keluarga	Nomina	
maulid	orang:nama-keluarga	Nomina	
maya	orang:nama-depan,orang:nama-keluarga,wilayah:kecamatan	Nomina	proper
mayang	orang:nama-keluarga,wilayah:kecamatan	Nomina	locus
maybrat	wilayah:kabupaten-kota	Nomina	proper
mazi	orang:nama-keluarga	Nomina	
medan	orang:nama-keluarga,wilayah:kabupaten-kota,wilayah:kecamatan	Nomina	
medang	wilayah:kecamatan	Nomina	
mega	orang:nama-depan,wilayah:kecamatan	Nomina	
megah	orang:nama-depan	Adjektiva	
megan	orang:nama-depan	Nomina	
mei	orang:nama-depan,orang:nama-keluarga	Nomina	tempo
mekar	wilayah:kecamatan	Verba	
melati	orang:nama-depan,orang:nama-keluarga		
melawan	wilayah:kecamatan	Verba	
melayu	wilayah:kecamatan	Nomina	proper
melintang	wilayah:kecamatan	Verba	
memo	orang:nama-keluarga	Nomina	
mempawah	wilayah:kabupaten-kota,wilayah:kecamatan	Nomina	proper
menang	wilayah:kecamatan	Verba	
menggala	wilayah:kecamatan	Verba	
menggaris	wilayah:kecamatan	Verba	
mengkuang	wilayah:kecamatan		
mengkudu	wilayah:kecamatan	Nomina	
menjalin	wilayah:kecamatan	Verba	
mentari	orang:nama-keluarga	Nomina	
menteng	wilayah:kecamatan	Nomina	
mentok	wilayah:kecamatan	Verba	
merah	wilayah:kecamatan	Nomina	
merangin	wilayah:kabupaten-kota,wilayah:kecamatan	Nomina	locus
meranti	wilayah:kabupaten-kota,wilayah:kecamatan		
merauke	wilayah:kabupaten-kota,wilayah:kecamatan	Nomina	proper
merawan	wilayah:kecamatan	Nomina	
merbau	wilayah:kecamatan	Nomina	
merdeka	wilayah:kecamatan	Adjektiva	
merek	wilayah:kecamatan	Nomina	
mergangsan	wilayah:kecamatan	Nomina	proper
meriah	wilayah:kabupaten-kota,wilayah:kecamatan		
mering	orang:nama-keluarga		
merta	orang:nama-keluarga		
mes	wilayah:kecamatan	Nomina	
mesjid	wilayah:kecamatan		
mesuji	wilayah:kabupaten-kota,wilayah:kecamatan	Nomina	proper
metro	wilayah:kabupaten-kota,wilayah:kecamatan	Nomina	
mijen	wilayah:kecamatan	Nomina	proper
mimi	orang:nama-depan	Nomina	
mimika	wilayah:kabupaten-kota,wilayah:kecamatan	Nomina	proper
mina	orang:nama-depan	Nomina	locus
minahasa	wilayah:kabupaten-kota	Nomina	proper
minggir	wilayah:kecamatan	Verba	
minggu	wilayah:kecamatan	Nomina	tempo
minta	orang:nama-depan	Verba	
miring	wilayah:kecamatan	Adjektiva	
mlati	wilayah:kecamatan	Nomina	locus
moga	wilayah:kecamatan	Adverbia	
mojokerto	wilayah:kabupaten-kota	Nomina	proper
montenegro	orang:nama-keluarga	Nomina	proper
mori	wilayah:kecamatan	Nomina	
morowali	wilayah:kabupaten-kota	Nomina	proper
moyudan	wilayah:kecamatan	Nomina	locus
muara	wilayah:kabupaten-kota,wilayah:kecamatan	Nomina	
mubarak	orang:nama-depan,orang:nama-keluarga	Adjektiva	
muda	wilayah:kecamatan	Adjektiva	
mudik	wilayah:kecamatan	Verba	
muhammad	orang:nama-depan,orang:nama-keluarga	Nomina	proper
muka	wilayah:kecamatan	Nomina	
mukhlis	orang:nama-depan	Adjektiva	
mukomuko	wilayah:kabupaten-kota,wilayah:kecamatan	Nomina	proper
mulia	orang:nama-depan,orang:nama-keluarga,wilayah:kecamatan	Adjektiva	
muna	wilayah:kabupaten-kota		
muncang	wilayah:kecamatan	Nomina	
mundu	wilayah:kecamatan		
murad	orang:nama-depan,orang:nama-keluarga	Nomina	
murid	orang:nama-keluarga	Nomina	
murung	wilayah:kabupaten-kota,wilayah:kecamatan	Adjektiva	
musi	wilayah:kabupaten-kota,wilayah:kecamatan		
muslim	orang:nama-depan,orang:nama-keluarga	Nomina	
mutiara	orang:nama-depan,orang:nama-keluarga,wilayah:kecamatan	Nomina	
nabire	wilayah:kabupaten-kota,wilayah:kecamatan	Nomina	proper
nada	orang:nama-depan	Nomina	
naga	wilayah:kecamatan	Nomina	
nagari	wilayah:kecamatan		
nagekeo	wilayah:kabupaten-kota	Nomina	proper
nan	wilayah:kecamatan	Partikel	
nanda	orang:nama-depan,orang:nama-keluarga		
napal	wilayah:kecamatan	Nomina	
nara	orang:nama-depan,wilayah:kecamatan	Nomina	
nasal	wilayah:kecamatan	Adjektiva	
natal	wilayah:kabupaten-kota,wilayah:kecamatan	Nomina	
natar	wilayah:kecamatan	Nomina	
natuna	wilayah:kabupaten-kota	Nomina	locus
nau	wilayah:kecamatan		
nayaka	orang:nama-depan		
nazar	orang:nama-keluarga	Nomina	
nazir	orang:nama-keluarga	Nomina	
nduga	wilayah:kabupaten-kota	Nomina	proper
negara	orang:nama-keluarga,wilayah:kecamatan	Nomina	
negeri	wilayah:kecamatan	Nomina	
nestor	orang:nama-depan	Nomina	
ngada	wilayah:kabupaten-kota	Nomina	proper
ngaglik	wilayah:kecamatan	Nomina	locus
ngaliyan	wilayah:kecamatan	Nomina	proper
ngampilan	wilayah:kecamatan	Nomina	locus
nganjuk	wilayah:kabupaten-kota,wilayah:kecamatan	Nomina	proper
ngawi	wilayah:kabupaten-kota,wilayah:kecamatan	Nomina	proper
ngemplak	wilayah:kecamatan	Nomina	locus
nia	orang:nama-depan	Nomina	
nias	wilayah:kabupaten-kota	Nomina	proper
nibung	wilayah:kecamatan	Nomina	
nila	orang:nama-depan,orang:nama-keluarga,wilayah:kecamatan	Nomina	
nini	orang:nama-depan	Nomina	
ninik	orang:nama-depan	Nomina	
nipah	wilayah:kecamatan	Nomina	
nipis	wilayah:kecamatan	Nomina	
niru	wilayah:kecamatan		
noa	orang:nama-depan	Nomina	
non	orang:nama-depan	Nomina	
nona	orang:nama-depan	Nomina	
nonong	orang:nama-depan	Adjektiva	
norma	orang:nama-depan	Nomina	
nova	orang:nama-depan,orang:nama-keluarga	Nomina	
novel	orang:nama-keluarga	Nomina	
nugraha	orang:nama-depan,orang:nama-keluarga	Nomina	
nunukan	wilayah:kabupaten-kota,wilayah:kecamatan	Nomina	proper
nur	orang:nama-depan,orang:nama-keluarga	Nomina	
nurani	orang:nama-depan	Adjektiva	
nuri	orang:nama-depan	Nomina	
nyak	orang:nama-depan	Nomina	
nyoman	orang:nama-depan	Nomina	
obi	wilayah:kecamatan	Nomina	
ong	orang:nama-keluarga	Partikel	
pabean	wilayah:kecamatan	Nomina	
pabelan	wilayah:kecamatan	Nomina	proper
pacar	wilayah:kecamatan	Nomina	abstract
pace	orang:nama-keluarga,wilayah:kecamatan	Nomina	
pacet	wilayah:kecamatan	Nomina	
pacitan	wilayah:kabupaten-kota,wilayah:kecamatan	Nomina	proper
padang	wilayah:kabupaten-kota,wilayah:kecamatan	Nomina	
padangsidimpuan	wilayah:kabupaten-kota,wilayah:kecamatan	Nomina	proper
padas	wilayah:kecamatan	Nomina	
paes	orang:nama-keluarga	Verba	
pagar	wilayah:kabupaten-kota,wilayah:kecamatan		
pagelaran	wilayah:kecamatan	Nomina	
pagu	wilayah:kecamatan	Nomina	
pah	wilayah:kecamatan		
pahala	orang:nama-depan	Nomina	
pahar	wilayah:kecamatan	Nomina	
pahlawan	wilayah:kecamatan	Nomina	
pajangan	wilayah:kecamatan	Nomina	
pakal	wilayah:kecamatan	Nomina	
pakem	wilayah:kecamatan	Adjektiva	
pakis	wilayah:kecamatan	Nomina	
paku	orang:nama-keluarga,wilayah:kecamatan	Nomina	
pakualaman	wilayah:kecamatan	Nomina	proper
pal	wilayah:kecamatan	Nomina	
pala	orang:nama-keluarga		
palang	wilayah:kecamatan		
palangka	wilayah:kabupaten-kota	Nomina	proper
palar	orang:nama-keluarga	Verba	
palas	wilayah:kecamatan	Nomina	
palembang	wilayah:kabupaten-kota	Nomina	proper
palolo	wilayah:kecamatan		
palopo	wilayah:kabupaten-kota	Nomina	proper
palu	wilayah:kabupaten-kota,wilayah:kecamatan	Nomina	
pamekasan	wilayah:kabupaten-kota,wilayah:kecamatan	Nomina	proper
pamungkas	orang:nama-keluarga	Nomina	
pan	orang:nama-keluarga	Nomina	
pana	wilayah:kecamatan	Verba	
panai	wilayah:kecamatan	Nomina	
pancoran	wilayah:kecamatan	Nomina	proper
pancung	wilayah:kecamatan	Nomina	
pancur	wilayah:kecamatan	Verba	
pandak	wilayah:kecamatan	Adjektiva	
pandan	wilayah:kecamatan	Nomina	
pandang	wilayah:kecamatan	Nomina	
pandeglang	wilayah:kabupaten-kota,wilayah:kecamatan	Nomina	proper
pandu	orang:nama-keluarga	Nomina	
pangandaran	wilayah:kabupaten-kota,wilayah:kecamatan	Nomina	proper
pangeran	orang:nama-depan	Nomina	
pangestu	orang:nama-keluarga	Nomina	
panggang	wilayah:kecamatan	Verba	
panggul	wilayah:kecamatan	Nomina	
panggung	wilayah:kecamatan	Nomina	
pangkah	wilayah:kecamatan	Verba	
pangkal	wilayah:kabupaten-kota,wilayah:kecamatan	Nomina	
pangkalan	wilayah:kecamatan	Nomina	
pangkur	wilayah:kecamatan	Nomina	
paniai	wilayah:kabupaten-kota,wilayah:kecamatan	Nomina	proper
panjang	wilayah:kabupaten-kota,wilayah:kecamatan	Adjektiva	
panjatan	wilayah:kecamatan	Nomina	
panji	orang:nama-depan,wilayah:kecamatan	Nomina	
pantai	wilayah:kecamatan	Nomina	
pantar	wilayah:kecamatan	Nomina	
panti	wilayah:kecamatan	Nomina	
papar	wilayah:kecamatan	Adjektiva	
parang	wilayah:kecamatan	Nomina	
pare	wilayah:kecamatan	Nomina	
parepare	wilayah:kabupaten-kota	Nomina	proper
pariaman	wilayah:kabupaten-kota,wilayah:kecamatan	Nomina	proper
parik	wilayah:kecamatan		
paris	orang:nama-keluarga,wilayah:kecamatan	Nomina	
paro	wilayah:kecamatan		
paron	wilayah:kecamatan	Nomina	
pasak	wilayah:kecamatan	Nomina	
pasaman	wilayah:kabupaten-kota,wilayah:kecamatan	Nomina	proper
pasangkayu	wilayah:kabupaten-kota,wilayah:kecamatan	Nomina	proper
pasar	wilayah:kecamatan	Nomina	
paser	wilayah:kabupaten-kota,wilayah:kecamatan	Nomina	
pasi	wilayah:kecamatan		
pasir	wilayah:kecamatan	Nomina	
pasuruan	wilayah:kabupaten-kota	Nomina	locus
patah	orang:nama-depan	Adjektiva	
pati	wilayah:kabupaten-kota,wilayah:kecamatan	Nomina	
patuk	wilayah:kecamatan	Nomina	
pauh	wilayah:kecamatan	Nomina	
paul	orang:nama-depan	Adjektiva	
paya	wilayah:kecamatan	Nomina	
payakumbuh	wilayah:kabupaten-kota,wilayah:kecamatan	Nomina	proper
payang	wilayah:kecamatan	Nomina	
payung	wilayah:kecamatan	Nomina	
pedamaran	wilayah:kecamatan	Nomina	
pedurungan	wilayah:kecamatan	Nomina	proper
pegunungan	wilayah:kabupaten-kota,wilayah:provinsi	Nomina	
pek	orang:nama-depan	Nomina	
pekalongan	wilayah:kabupaten-kota,wilayah:kecamatan	Nomina	proper
pekanbaru	wilayah:kabupaten-kota,wilayah:kecamatan	Nomina	proper
pekat	wilayah:kecamatan	Adjektiva	
pelalawan	wilayah:kabupaten-kota,wilayah:kecamatan	Nomina	proper
pelawan	wilayah:kecamatan	Nomina	
pelindung	wilayah:kecamatan	Nomina	
pemalang	wilayah:kabupaten-kota,wilayah:kecamatan	Nomina	proper
pemali	wilayah:kecamatan		
pematang	wilayah:kabupaten-kota,wilayah:kecamatan	Nomina	
pembarap	wilayah:kecamatan	Nomina	
pemenang	wilayah:kecamatan	Nomina	
pemuka	wilayah:kecamatan		
penanggalan	wilayah:kecamatan	Nomina	
penarik	wilayah:kecamatan	Nomina	
penawar	wilayah:kecamatan	Nomina	
pendopo	wilayah:kecamatan	Nomina	
pengabuan	wilayah:kecamatan	Nomina	
pengadang	wilayah:kecamatan	Nomina	
pengasih	wilayah:kecamatan	Nomina	
penggawa	wilayah:kecamatan	Nomina	
peni	orang:nama-depan	Adjektiva	
peninjauan	wilayah:kecamatan	Nomina	
penuh	wilayah:kabupaten-kota,wilayah:kecamatan	Adjektiva	
penyu	wilayah:kecamatan	Nomina	
perak	wilayah:kecamatan	Nomina	
pere	orang:nama-depan	Adjektiva	
perhentian	wilayah:kecamatan	Nomina	
periuk	wilayah:kecamatan	Nomina	
perjuangan	wilayah:kecamatan	Nomina	
perkasa	orang:nama-keluarga	Adjektiva	
permai	wilayah:kecamatan	Adjektiva	redup
permana	orang:nama-keluarga	Nomina	
permata	orang:nama-keluarga,wilayah:kecamatan	Nomina	
pertiwi	orang:nama-keluarga		
pesak	wilayah:kecamatan	Nomina	
pesam	wilayah:kecamatan	Adjektiva	
pesanggrahan	wilayah:kecamatan	Nomina	
pesantren	wilayah:kecamatan	Nomina	
pesawaran	wilayah:kabupaten-kota	Nomina	proper
pesisir	wilayah:kabupaten-kota,wilayah:kecamatan	Nomina	
petak	wilayah:kecamatan	Nomina	
petamburan	wilayah:kecamatan	Nomina	proper
petang	wilayah:kecamatan	Nomina	
petir	wilayah:kecamatan	Nomina	
picung	wilayah:kecamatan	Nomina	
pidada	wilayah:kecamatan		
pidie	wilayah:kabupaten-kota,wilayah:kecamatan	Nomina	proper
pilang	wilayah:kecamatan	Nomina	
pinang	wilayah:kabupaten-kota,wilayah:kecamatan	Nomina	
pinggir	wilayah:kecamatan	Nomina	
pinrang	wilayah:kabupaten-kota	Nomina	proper
pintu	wilayah:kecamatan	Nomina	
pisang	wilayah:kecamatan	Nomina	
pisau	wilayah:kabupaten-kota	Nomina	
piyungan	wilayah:kecamatan	Nomina	proper
plakat	wilayah:kecamatan	Nomina	
pleret	wilayah:kecamatan	Nomina	proper
pohuwato	wilayah:kabupaten-kota	Nomina	proper
polen	wilayah:kecamatan	Nomina	
pondok	wilayah:kecamatan	Nomina	
ponggok	wilayah:kecamatan	Adjektiva	
ponorogo	wilayah:kabupaten-kota,wilayah:kecamatan	Nomina	proper
pontianak	wilayah:kabupaten-kota,wilayah:kecamatan	Nomina	proper
poo	orang:nama-depan	Nomina	
porong	wilayah:kecamatan	Nomina	
poso	wilayah:kabupaten-kota,wilayah:kecamatan	Nomina	
prabowo	orang:nama-depan	Proper Nama	proper
prabumulih	wilayah:kabupaten-kota,wilayah:kecamatan	Nomina	proper
prambanan	wilayah:kecamatan	Nomina	locus
pranata	orang:nama-keluarga		
prapatan	wilayah:kecamatan	Nomina	
pribadi	orang:nama-keluarga	Nomina	
prima	orang:nama-depan,orang:nama-keluarga		
pringapus	wilayah:kecamatan	Nomina	proper
pringsewu	wilayah:kabupaten-kota,wilayah:kecamatan	Nomina	proper
probolinggo	wilayah:kabupaten-kota	Nomina	locus
pucuk	wilayah:kecamatan	Nomina	
puding	wilayah:kecamatan	Nomina	
puji	orang:nama-depan	Nomina	
pujut	wilayah:kecamatan	Verba	
pulang	wilayah:kabupaten-kota	Verba	
pulau	wilayah:kabupaten-kota,wilayah:kecamatan	Nomina	
pulo	wilayah:kecamatan	Nomina	proper
puluh	wilayah:kabupaten-kota,wilayah:kecamatan	Nomina	
pulung	orang:nama-depan,wilayah:kecamatan	Nomina	
puncak	wilayah:kabupaten-kota,wilayah:kecamatan	Nomina	
pundong	wilayah:kecamatan	Nomina	proper
punduh	wilayah:kecamatan		
punggur	wilayah:kecamatan		
punjung	wilayah:kecamatan	Nomina	
pupuan	wilayah:kecamatan	Nomina	
pura	wilayah:kecamatan	Nomina	
purba	orang:nama-keluarga,wilayah:kecamatan		
purbalingga	wilayah:kabupaten-kota,wilayah:kecamatan	Nomina	proper
puri	orang:nama-depan,wilayah:kecamatan	Nomina	
puring	wilayah:kecamatan	Nomina	
purnama	orang:nama-depan,orang:nama-keluarga	Adjektiva	
purwakarta	wilayah:kabupaten-kota,wilayah:kecamatan	Nomina	proper
purworejo	wilayah:kabupaten-kota,wilayah:kecamatan	Nomina	proper
pusaka	wilayah:kecamatan	Nomina	
pusat	wilayah:kabupaten-kota,wilayah:kecamatan	Nomina	
puspa	orang:nama-depan	Nomina	
puspita	orang:nama-depan		
puti	orang:nama-depan	Nomina	
putih	wilayah:kecamatan	Nomina	
putra	orang:nama-depan,orang:nama-keluarga,wilayah:kecamatan	Nomina	
putri	orang:nama-depan,orang:nama-keluarga,wilayah:kecamatan		
putu	orang:nama-depan	Nomina	
puyu	wilayah:kecamatan	Nomina	
puyuh	wilayah:kecamatan	Nomina	
raba	wilayah:kecamatan	Verba	
raden	orang:nama-depan	Nomina	
radin	orang:nama-depan	Nomina	
rafi	orang:nama-depan	Adjektiva	
rahayu	orang:nama-keluarga	Adjektiva	
rahman	orang:nama-depan,orang:nama-keluarga	Nomina	
rahmat	orang:nama-depan	Nomina	
rais	orang:nama-keluarga	Nomina	
raja	orang:nama-depan,wilayah:kabupaten-kota,wilayah:kecamatan	Nomina	
raka	orang:nama-keluarga	Nomina	
rakit	wilayah:kecamatan	Nomina	
rakyat	wilayah:kecamatan	Nomina	
ram	orang:nama-depan	Nomina	
rama	orang:nama-keluarga	Nomina	
ramanda	orang:nama-keluarga	Nomina	
rambah	wilayah:kecamatan	Verba	
rambang	wilayah:kecamatan	Adjektiva	
rambatan	wilayah:kecamatan	Nomina	
rambutan	wilayah:kecamatan	Nomina	
rami	wilayah:kecamatan	Nomina	
rampas	wilayah:kecamatan		
rana	wilayah:kecamatan	Nomina	
ranah	wilayah:kecamatan	Nomina	
rancah	wilayah:kecamatan	Nomina	
randi	orang:nama-depan	Nomina	
rangga	orang:nama-depan,orang:nama-keluarga	Nomina	
rangsang	wilayah:kecamatan	Nomina	
rani	orang:nama-depan,orang:nama-keluarga	Nomina	
rantau	wilayah:kecamatan	Nomina	
rante	wilayah:kecamatan		
rasau	wilayah:kecamatan	Nomina	
ratna	orang:nama-depan		
ratu	orang:nama-depan,orang:nama-keluarga,wilayah:kecamatan		
rawa	wilayah:kecamatan	Nomina	
rawan	wilayah:kecamatan	Adjektiva	
rawang	wilayah:kecamatan	Verba	
raya	wilayah:kabupaten-kota,wilayah:kecamatan	Adjektiva	
rayap	wilayah:kecamatan	Nomina	
reban	wilayah:kecamatan		
rebo	wilayah:kecamatan	Nomina	tempo
regol	wilayah:kecamatan	Nomina	
rejang	wilayah:kabupaten-kota,wilayah:kecamatan	Nomina	
rejeki	orang:nama-keluarga		
reka	orang:nama-depan	Verba	
rembang	wilayah:kabupaten-kota,wilayah:kecamatan	Adjektiva	
rena	orang:nama-depan		
renah	wilayah:kecamatan	Nomina	
rendang	wilayah:kecamatan	Nomina	locus
rengat	wilayah:kecamatan	Adjektiva	
resmi	orang:nama-keluarga	Adjektiva	
restu	orang:nama-depan,orang:nama-keluarga	Nomina	
ria	orang:nama-depan	Adjektiva	
riam	wilayah:kecamatan	Nomina	
rian	orang:nama-depan,wilayah:kecamatan	Nomina	
ribu	wilayah:kecamatan	Nomina	
rijal	orang:nama-keluarga	Nomina	
rijang	wilayah:kecamatan	Nomina	
rima	orang:nama-depan	Nomina	
rimba	wilayah:kecamatan	Nomina	
rime	wilayah:kecamatan	Nomina	
rini	orang:nama-depan,orang:nama-keluarga	Nomina	
risa	orang:nama-depan	Nomina	
riung	wilayah:kecamatan	Verba	
rohmat	orang:nama-depan		
roma	wilayah:kecamatan	Nomina	
rongga	wilayah:kecamatan	Nomina	
rongkong	wilayah:kecamatan	Nomina	
rotan	wilayah:kecamatan	Nomina	
royan	orang:nama-keluarga	Nomina	
rubuh	wilayah:kecamatan		
rudi	orang:nama-depan	Nomina	
rumbai	wilayah:kecamatan	Nomina	
rumbia	wilayah:kecamatan	Nomina	
runggu	wilayah:kecamatan		
runjung	wilayah:kecamatan	Adjektiva	
saadah	orang:nama-depan	Nomina	
saba	orang:nama-keluarga		
sabak	wilayah:kecamatan	Adjektiva	
sabang	wilayah:kabupaten-kota	Nomina	
sabar	orang:nama-depan	Adjektiva	
sabil	wilayah:kecamatan	Nomina	
sadai	wilayah:kecamatan	Verba	
sadang	wilayah:kecamatan		
sadu	wilayah:kecamatan	Adjektiva	
sago	wilayah:kecamatan		
sahid	orang:nama-depan		
said	orang:nama-depan,orang:nama-keluarga		
saidi	orang:nama-depan		
sakinah	orang:nama-depan	Nomina	
sakti	wilayah:kecamatan	Adjektiva	
salak	wilayah:kecamatan	Nomina	
salam	orang:nama-keluarga,wilayah:kecamatan		
salang	wilayah:kecamatan	Nomina	
salat	orang:nama-keluarga	Nomina	
salatiga	wilayah:kabupaten-kota,wilayah:kecamatan	Nomina	proper
sale	wilayah:kecamatan		
saleh	orang:nama-depan,orang:nama-keluarga	Adjektiva	
salem	orang:nama-depan,wilayah:kecamatan	Nomina	
salih	orang:nama-depan		
salim	orang:nama-depan,orang:nama-keluarga	Nomina	
saling	wilayah:kecamatan	Adverbia	
salmon	orang:nama-depan	Nomina	
samad	orang:nama-keluarga	Adjektiva	
samarinda	wilayah:kabupaten-kota,wilayah:kecamatan	Nomina	proper
sambas	wilayah:kabupaten-kota,wilayah:kecamatan	Nomina	proper
sambi	wilayah:kecamatan	Verba	
sambit	wilayah:kecamatan	Verba	
sambung	wilayah:kecamatan	Verba	
sambutan	wilayah:kecamatan	Nomina	
samin	orang:nama-keluarga		
samosir	orang:nama-keluarga,wilayah:kabupaten-kota	Nomina	proper
sampang	wilayah:kabupaten-kota,wilayah:kecamatan	Nomina	
samudera	wilayah:kecamatan		
samudra	orang:nama-keluarga	Nomina	
sanda	orang:nama-keluarga	Nomina	
sandang	wilayah:kecamatan	Nomina	
sandaran	wilayah:kecamatan	Nomina	
sanden	wilayah:kecamatan	Nomina	locus
sandi	orang:nama-depan,wilayah:kecamatan	Nomina	
sang	wilayah:kecamatan	Partikel	
sanga	wilayah:kecamatan	Nomina	
sangga	orang:nama-depan	Nomina	
sanggar	wilayah:kecamatan	Nomina	
sanggau	wilayah:kabupaten-kota,wilayah:kecamatan	Nomina	proper
sanggul	wilayah:kecamatan	Nomina	
sangir	wilayah:kecamatan	Nomina	
sani	orang:nama-keluarga	Adjektiva	
sano	wilayah:kecamatan	Adjektiva	
santa	orang:nama-depan	Nomina	
sapta	orang:nama-keluarga		
sara	orang:nama-depan	Nomina	
sarang	wilayah:kecamatan	Nomina	
sari	orang:nama-depan,orang:nama-keluarga,wilayah:kecamatan	Nomina	
sarmi	wilayah:kabupaten-kota,wilayah:kecamatan	Nomina	proper
sarolangun	wilayah:kabupaten-kota,wilayah:kecamatan	Nomina	proper
sasak	wilayah:kecamatan	Nomina	
satar	wilayah:kecamatan	Nomina	
satu	wilayah:kecamatan		numeral
saut	orang:nama-keluarga		
sawa	wilayah:kecamatan		
sawah	wilayah:kecamatan	Nomina	
sawahlunto	wilayah:kabupaten-kota	Nomina	proper
sawai	wilayah:kecamatan	Nomina	
sawan	wilayah:kecamatan	Nomina	
sawang	wilayah:kecamatan	Nomina	
sawangan	wilayah:kecamatan	Nomina	
sawit	wilayah:kecamatan		
sawo	wilayah:kecamatan	Nomina	
sayung	wilayah:kecamatan	Adjektiva	
sayur	wilayah:kecamatan	Nomina	
seberang	wilayah:kecamatan	Nomina	
secang	wilayah:kecamatan	Nomina	
sedan	wilayah:kecamatan	Nomina	
sedayu	wilayah:kecamatan	Nomina	proper
sedong	wilayah:kecamatan	Nomina	
segah	wilayah:kecamatan	Adjektiva	
segar	wilayah:kecamatan	Adjektiva	
segara	wilayah:kecamatan	Nomina	
sejati	orang:nama-keluarga	Adjektiva	
sekar	orang:nama-depan,orang:nama-keluarga,wilayah:kecamatan	Nomina	
seko	wilayah:kecamatan	Nomina	
sela	wilayah:kecamatan	Nomina	
selamat	wilayah:kecamatan	Adjektiva	
selan	wilayah:kecamatan	Nomina	proper
selangit	wilayah:kecamatan	Nomina	
selapan	wilayah:kecamatan		
selat	wilayah:kecamatan	Nomina	
selatan	wilayah:kabupaten-kota,wilayah:kecamatan,wilayah:provinsi	Nomina	locus
selayang	wilayah:kecamatan	Nomina	
selebar	wilayah:kecamatan	Verba	
selesai	wilayah:kecamatan	Verba	
selo	wilayah:kecamatan	Nomina	
selong	wilayah:kecamatan	Nomina	proper
seluas	wilayah:kecamatan	Adverbia	locus
seluma	wilayah:kabupaten-kota,wilayah:kecamatan	Nomina	proper
semarang	wilayah:kabupaten-kota,wilayah:kecamatan	Nomina	proper
semau	wilayah:kecamatan	Verba	
sembilan	wilayah:kecamatan		numeral
semen	wilayah:kecamatan	Nomina	
sen	orang:nama-depan		
sendang	wilayah:kecamatan	Nomina	
senduk	orang:nama-keluarga		
senen	wilayah:kecamatan	Nomina	tempo
seng	orang:nama-keluarga		
sepang	wilayah:kecamatan	Nomina	
sepenggal	wilayah:kecamatan	Nomina	
serai	wilayah:kecamatan	Nomina	
seram	wilayah:kabupaten-kota,wilayah:kecamatan	Adjektiva	
serang	wilayah:kabupaten-kota,wilayah:kecamatan	Verba	
serangan	wilayah:kecamatan	Nomina	
serba	wilayah:kecamatan	Adverbia	
serdang	wilayah:kabupaten-kota,wilayah:kecamatan	Nomina	
serengan	wilayah:kecamatan	Nomina	proper
seri	wilayah:kecamatan	Nomina	
seribu	wilayah:kabupaten-kota,wilayah:kecamatan		numeral
serumpun	wilayah:kecamatan	Nomina	
serut	wilayah:kecamatan	Nomina	
seruyan	wilayah:kabupaten-kota,wilayah:kecamatan	Nomina	proper
seti	wilayah:kecamatan	Nomina	
setia	orang:nama-depan,orang:nama-keluarga,wilayah:kecamatan	Adjektiva	
setiabudi	orang:nama-keluarga,wilayah:kecamatan	Nomina	proper
setu	wilayah:kecamatan	Nomina	
sewon	wilayah:kecamatan	Nomina	proper
seyegan	wilayah:kecamatan	Nomina	proper
siak	wilayah:kabupaten-kota,wilayah:kecamatan		
siam	orang:nama-depan	Verba	
siang	wilayah:kecamatan	Nomina	
siantan	wilayah:kecamatan	Nomina	
siau	wilayah:kabupaten-kota,wilayah:kecamatan	Adjektiva	
sibolga	wilayah:kabupaten-kota,wilayah:kecamatan	Nomina	proper
siding	wilayah:kecamatan		
sidoarjo	wilayah:kabupaten-kota,wilayah:kecamatan	Nomina	proper
sidomukti	wilayah:kecamatan	Nomina	
sigi	orang:nama-depan,wilayah:kabupaten-kota,wilayah:kecamatan	Nomina	
sijunjung	wilayah:kabupaten-kota,wilayah:kecamatan	Nomina	proper
sikap	wilayah:kecamatan	Nomina	
sikka	wilayah:kabupaten-kota	Nomina	proper
silat	wilayah:kecamatan	Nomina	
silau	wilayah:kecamatan	Adjektiva	
silih	wilayah:kecamatan	Verba	
silo	wilayah:kecamatan	Nomina	
silungkang	wilayah:kecamatan	Nomina	
sim	orang:nama-keluarga	Nomina	acronym
simbang	wilayah:kecamatan	Nomina	
simeulue	wilayah:kabupaten-kota,wilayah:kecamatan	Nomina	proper
simpang	wilayah:kecamatan	Nomina	
simpur	wilayah:kecamatan	Nomina	
sin	orang:nama-depan	Nomina	
sinar	wilayah:kecamatan	Nomina	
sing	orang:nama-depan	Nomina	
singgahan	wilayah:kecamatan	Nomina	
singkawang	wilayah:kabupaten-kota,wilayah:kecamatan		
singkil	wilayah:kabupaten-kota,wilayah:kecamatan	Nomina	
singkup	wilayah:kecamatan		
sinjai	wilayah:kabupaten-kota,wilayah:kecamatan	Nomina	proper
sintang	wilayah:kabupaten-kota,wilayah:kecamatan	Nomina	proper
sinyo	orang:nama-depan	Nomina	
sir	wilayah:kecamatan		
sirah	wilayah:kecamatan	Adjektiva	
sirih	wilayah:kecamatan		
sita	orang:nama-depan	Nomina	
siti	orang:nama-depan	Nomina	
situbondo	wilayah:kabupaten-kota,wilayah:kecamatan	Nomina	proper
siwalan	wilayah:kecamatan	Nomina	
sleman	wilayah:kabupaten-kota,wilayah:kecamatan	Nomina	proper
soal	wilayah:kecamatan	Nomina	
soba	wilayah:kecamatan	Nomina	
soe	wilayah:kecamatan	Adjektiva	
sohib	orang:nama-keluarga	Nomina	
soka	orang:nama-keluarga	Nomina	
soko	wilayah:kecamatan		
solok	wilayah:kabupaten-kota	Nomina	
sompak	wilayah:kecamatan		
sonder	wilayah:kecamatan	Partikel	
soppeng	wilayah:kabupaten-kota,wilayah:kecamatan	Nomina	proper
sorong	wilayah:kabupaten-kota,wilayah:kecamatan	Verba	
sosoh	wilayah:kecamatan	Verba	
sragen	wilayah:kabupaten-kota,wilayah:kecamatan	Nomina	proper
srandakan	wilayah:kecamatan	Nomina	proper
sri	orang:nama-depan	Partikel	
suak	wilayah:kecamatan	Nomina	
subang	wilayah:kabupaten-kota,wilayah:kecamatan	Nomina	
subulussalam	wilayah:kabupaten-kota	Nomina	proper
subur	wilayah:kecamatan	Adjektiva	
suci	orang:nama-depan	Adjektiva	
sudi	orang:nama-depan	Verba	
sugih	wilayah:kecamatan	Adjektiva	
suguh	wilayah:kecamatan	Verba	
sujana	orang:nama-depan	Nomina	
suka	orang:nama-keluarga,wilayah:kecamatan	Adjektiva	
sukabumi	wilayah:kabupaten-kota,wilayah:kecamatan	Nomina	proper
sukamara	wilayah:kabupaten-kota,wilayah:kecamatan	Nomina	proper
sukma	orang:nama-depan	Nomina	
sukoharjo	wilayah:kabupaten-kota,wilayah:kecamatan	Nomina	proper
suku	wilayah:kecamatan	Nomina	
sukun	wilayah:kecamatan	Verba	
sula	wilayah:kabupaten-kota	Nomina	
sulang	wilayah:kecamatan		
suli	orang:nama-keluarga,wilayah:kecamatan	Nomina	
suling	wilayah:kecamatan	Nomina	
sultan	orang:nama-depan,orang:nama-keluarga,wilayah:kecamatan	Nomina	
sumatra	wilayah:kabupaten-kota	Nomina	proper
sumba	wilayah:kabupaten-kota	Nomina	
sumbang	wilayah:kecamatan	Verba	
sumbawa	wilayah:kabupaten-kota,wilayah:kecamatan	Nomina	proper
sumber	wilayah:kecamatan	Nomina	
sumbul	wilayah:kecamatan	Nomina	
sumedang	wilayah:kabupaten-kota,wilayah:kecamatan	Nomina	proper
sumenep	wilayah:kabupaten-kota,wilayah:kecamatan	Nomina	locus
sumirat	orang:nama-keluarga	Adjektiva	
sumo	wilayah:kecamatan	Nomina	
sumowono	wilayah:kecamatan	Nomina	proper
sumur	wilayah:kecamatan	Nomina	
sungai	wilayah:kabupaten-kota,wilayah:kecamatan	Nomina	
sungkai	wilayah:kecamatan		
suni	orang:nama-keluarga	Nomina	
supiori	wilayah:kabupaten-kota,wilayah:kecamatan	Nomina	proper
supit	orang:nama-keluarga		
surabaya	wilayah:kabupaten-kota,wilayah:kecamatan	Nomina	proper
surakarta	wilayah:kabupaten-kota,wilayah:kecamatan	Nomina	proper
surian	wilayah:kecamatan	Nomina	
suruh	wilayah:kecamatan	Nomina	
surya	orang:nama-depan	Nomina	
susu	wilayah:kecamatan	Nomina	
susukan	wilayah:kecamatan	Nomina	proper
susut	wilayah:kecamatan	Adjektiva	
sutan	orang:nama-depan	Nomina	
swastika	orang:nama-keluarga	Nomina	
syafaat	orang:nama-depan		
syahbandar	wilayah:kecamatan	Nomina	
syuhada	orang:nama-depan	Nomina	
tabalong	wilayah:kabupaten-kota	Nomina	locus
tabanan	wilayah:kabupaten-kota,wilayah:kecamatan	Nomina	proper
tabir	wilayah:kecamatan		
tabur	wilayah:kecamatan	Verba	
tahar	orang:nama-keluarga	Verba	
tahir	orang:nama-depan,orang:nama-keluarga	Adjektiva	
tahunan	wilayah:kecamatan	Nomina	
tais	wilayah:kecamatan	Adjektiva	
takalar	wilayah:kabupaten-kota	Nomina	proper
talang	wilayah:kecamatan	Nomina	
tali	wilayah:kecamatan	Nomina	
talun	wilayah:kecamatan	Verba	
tam	wilayah:kecamatan	Nomina	
taman	wilayah:kecamatan	Nomina	
tambak	wilayah:kecamatan	Nomina	
tamban	wilayah:kecamatan	Nomina	
tambang	wilayah:kecamatan	Nomina	
tambangan	wilayah:kecamatan	Nomina	
tambora	wilayah:kecamatan	Nomina	proper
tambrauw	wilayah:kabupaten-kota	Nomina	proper
tambun	wilayah:kecamatan	Adjektiva	
tambunan	orang:nama-keluarga	Nomina	
tampi	orang:nama-keluarga	Verba	
tan	orang:nama-depan,orang:nama-keluarga,wilayah:kecamatan	Nomina	
tanah	wilayah:kabupaten-kota,wilayah:kecamatan	Nomina	
tanam	wilayah:kecamatan	Verba	
tanding	wilayah:kecamatan	Nomina	
tanduk	wilayah:kecamatan	Nomina	
tandun	orang:nama-keluarga,wilayah:kecamatan	Nomina	
tang	orang:nama-keluarga	Nomina	
tangan	wilayah:kecamatan		
tangen	wilayah:kecamatan	Nomina	
tangerang	wilayah:kabupaten-kota,wilayah:kecamatan	Nomina	proper
tanggamus	wilayah:kabupaten-kota	Nomina	proper
tanggul	wilayah:kecamatan	Nomina	
tangkas	wilayah:kecamatan	Adjektiva	
tani	wilayah:kecamatan	Nomina	
tania	orang:nama-depan	Nomina	
tanjung	orang:nama-keluarga,wilayah:kabupaten-kota,wilayah:kecamatan	Nomina	
tanjungbalai	wilayah:kecamatan	Nomina	proper
tanjungpinang	wilayah:kabupaten-kota,wilayah:kecamatan	Nomina	proper
tanya	orang:nama-depan	Nomina	
tapa	wilayah:kecamatan	Verba	
tapah	wilayah:kecamatan		
tapak	wilayah:kecamatan	Nomina	
tapin	wilayah:kabupaten-kota,wilayah:kecamatan	Nomina	
tapung	wilayah:kecamatan	Verba	
tara	orang:nama-depan	Nomina	
tarakan	wilayah:kabupaten-kota,wilayah:kecamatan	Nomina	proper
tari	orang:nama-keluarga	Nomina	
tarik	orang:nama-depan,wilayah:kecamatan	Verba	
tarkas	orang:nama-keluarga	Nomina	
tarub	wilayah:kecamatan		
tarup	wilayah:kecamatan	Nomina	
tasik	wilayah:kecamatan	Nomina	
tasikmalaya	wilayah:kabupaten-kota	Nomina	proper
tataan	wilayah:kecamatan	Nomina	
tatah	wilayah:kecamatan	Nomina	
taufik	orang:nama-depan,orang:nama-keluarga	Nomina	
tauhid	orang:nama-depan	Nomina	
tawang	wilayah:kecamatan	Nomina	
tawar	wilayah:kecamatan	Adjektiva	
tebas	wilayah:kecamatan	Verba	
tebat	wilayah:kecamatan	Nomina	
tebet	wilayah:kecamatan	Nomina	proper
tebing	wilayah:kabupaten-kota,wilayah:kecamatan	Nomina	
tebo	wilayah:kabupaten-kota,wilayah:kecamatan	Nomina	proper
tebu	wilayah:kecamatan	Nomina	
tegal	wilayah:kabupaten-kota,wilayah:kecamatan	Partikel	
tegalrejo	wilayah:kecamatan	Nomina	locus
tegar	orang:nama-depan	Adjektiva	
teguh	orang:nama-depan	Adjektiva	
teja	orang:nama-depan,wilayah:kecamatan	Nomina	
tekung	wilayah:kecamatan	Nomina	
teladas	wilayah:kecamatan		
telaga	wilayah:kecamatan	Nomina	
telang	wilayah:kecamatan	Nomina	
teluk	wilayah:kabupaten-kota,wilayah:kecamatan	Nomina	
temanggung	wilayah:kabupaten-kota,wilayah:kecamatan	Nomina	proper
tembalang	wilayah:kecamatan	Nomina	proper
tembelang	wilayah:kecamatan	Adjektiva	
tembuku	wilayah:kecamatan		
tembung	wilayah:kecamatan	Nomina	
tembuni	wilayah:kecamatan		
temiang	wilayah:kecamatan	Nomina	
tempe	wilayah:kecamatan	Nomina	
tempel	wilayah:kecamatan	Verba	
tempuling	wilayah:kecamatan	Nomina	
teng	orang:nama-keluarga	Nomina	
tengah	wilayah:kabupaten-kota,wilayah:kecamatan,wilayah:provinsi	Nomina	
tengaran	wilayah:kecamatan	Nomina	proper
tenggara	wilayah:kabupaten-kota,wilayah:kecamatan,wilayah:provinsi	Nomina	
tenggarang	wilayah:kecamatan	Nomina	
tenong	wilayah:kecamatan	Nomina	
tepus	wilayah:kecamatan	Nomina	
teran	wilayah:kecamatan	Verba	
terang	wilayah:kecamatan	Adjektiva	
teras	wilayah:kecamatan	Nomina	
terentang	wilayah:kecamatan	Verba	
teriak	wilayah:kecamatan	Nomina	
tering	wilayah:kecamatan	Nomina	
terisi	wilayah:kecamatan	Verba	
teritip	wilayah:kecamatan	Nomina	
ternate	wilayah:kabupaten-kota,wilayah:kecamatan	Nomina	proper
terusan	wilayah:kecamatan	Nomina	
tetap	wilayah:kecamatan	Verba	
tiang	wilayah:kecamatan	Nomina	
tiara	orang:nama-keluarga	Nomina	
tiba	orang:nama-keluarga	Verba	
tidore	wilayah:kabupaten-kota,wilayah:kecamatan	Nomina	proper
tiga	wilayah:kecamatan		numeral
tika	orang:nama-depan	Nomina	
tike	orang:nama-depan	Nomina	
tikung	wilayah:kecamatan	Verba	
tim	orang:nama-depan	Nomina	
timang	wilayah:kecamatan	Verba	
timur	orang:nama-depan,orang:nama-keluarga,wilayah:kabupaten-kota,wilayah:kecamatan,wilayah:provinsi	Nomina	
tinggi	wilayah:kabupaten-kota,wilayah:kecamatan	Adjektiva	
tiram	wilayah:kecamatan	Nomina	
tirani	orang:nama-depan	Nomina	
tiris	wilayah:kecamatan	Adjektiva	
titi	orang:nama-depan,wilayah:kecamatan	Verba	
titis	orang:nama-depan	Nomina	
toba	wilayah:kabupaten-kota,wilayah:kecamatan	Nomina	proper
toboh	wilayah:kecamatan	Nomina	
togo	wilayah:kecamatan	Nomina	proper
tolikara	wilayah:kabupaten-kota	Nomina	proper
tolitoli	wilayah:kecamatan	Nomina	proper
tom	orang:nama-depan	Nomina	
toman	wilayah:kecamatan	Nomina	
tomohon	wilayah:kabupaten-kota,wilayah:kecamatan	Nomina	proper
trenggalek	wilayah:kabupaten-kota,wilayah:kecamatan	Nomina	proper
tresna	orang:nama-depan	Nomina	
tua	wilayah:kecamatan	Adjektiva	
tuah	wilayah:kecamatan	Nomina	
tual	wilayah:kabupaten-kota	Nomina	
tualang	wilayah:kecamatan	Adjektiva	
tuan	wilayah:kecamatan	Nomina	
tuba	wilayah:kecamatan	Nomina	
tuban	wilayah:kabupaten-kota,wilayah:kecamatan	Nomina	
tugu	wilayah:kecamatan	Nomina	
tujuh	wilayah:kecamatan		numeral
tukak	wilayah:kecamatan	Nomina	
tulang	wilayah:kabupaten-kota,wilayah:kecamatan	Nomina	
tulis	wilayah:kecamatan	Verba	
tulung	wilayah:kecamatan		
tulungagung	wilayah:kabupaten-kota,wilayah:kecamatan	Nomina	proper
tulus	orang:nama-keluarga	Adjektiva	
tumbang	wilayah:kecamatan	Verba	
tumbuh	wilayah:kecamatan	Verba	
tumpang	wilayah:kecamatan	Verba	
tunggul	wilayah:kecamatan	Nomina	
tunjung	orang:nama-keluarga,wilayah:kecamatan	Nomina	
tuntang	wilayah:kecamatan	Nomina	proper
tur	orang:nama-keluarga	Nomina	
turang	orang:nama-keluarga	Nomina	
turi	wilayah:kecamatan		
tusam	wilayah:kecamatan	Nomina	
tutuk	wilayah:kecamatan		
tutur	wilayah:kecamatan	Nomina	
ubi	wilayah:kecamatan	Nomina	
udik	wilayah:kecamatan	Nomina	
udo	orang:nama-depan		
ujang	orang:nama-depan	Nomina	
ujung	wilayah:kecamatan	Nomina	locus
ulak	wilayah:kecamatan	Nomina	locus
ulakan	wilayah:kecamatan	Nomina	abstract
ulang	wilayah:kecamatan	Verba	action
ulin	wilayah:kecamatan	Nomina	locus
ulu	wilayah:kabupaten-kota,wilayah:kecamatan	Nomina	locus
umbu	wilayah:kecamatan	Nomina	
umbulharjo	wilayah:kecamatan	Nomina	locus
undang	orang:nama-keluarga	Verba	
ungar	wilayah:kecamatan	Nomina	
upas	wilayah:kecamatan	Nomina	
upau	wilayah:kecamatan		
urang	wilayah:kecamatan	Nomina	
utama	wilayah:kecamatan	Adjektiva	abstract
utan	wilayah:kecamatan	Nomina	locus
utara	wilayah:kabupaten-kota,wilayah:kecamatan,wilayah:provinsi	Nomina	tempo
valentine	orang:nama-depan	Nomina	tempo
van	orang:nama-keluarga	Preposisi	fused
venus	orang:nama-depan	Nomina	abstract
virginia	orang:nama-depan	Nomina	loan
wahid	orang:nama-depan,orang:nama-keluarga	Nomina	numeral
wahyu	orang:nama-depan	Nomina	abstract
wajo	wilayah:kabupaten-kota,wilayah:kecamatan	Nomina	proper
wakatobi	wilayah:kabupaten-kota	Nomina	proper
wanda	orang:nama-depan	Nomina	abstract
wang	orang:nama-keluarga	Nomina	locus
wangi	wilayah:kecamatan	Adjektiva	abstract
wara	wilayah:kecamatan	Nomina	abstract
waras	wilayah:kecamatan	Adjektiva	abstract
waringin	wilayah:kecamatan	Nomina	locus
waris	wilayah:kecamatan	Nomina	action
waropen	wilayah:kabupaten-kota,wilayah:kecamatan	Nomina	proper
warsa	wilayah:kecamatan	Nomina	tempo
waru	wilayah:kecamatan	Nomina	locus
washington	orang:nama-depan	Nomina	proper
watang	wilayah:kecamatan	Nomina	locus
web	wilayah:kecamatan	Nomina	abstract
weda	wilayah:kecamatan	Nomina	proper
wenang	wilayah:kecamatan	Nomina	action
wih	wilayah:kecamatan	Konjungsi	fused
wijaya	orang:nama-keluarga	Nomina	action
wirawan	orang:nama-keluarga	Nomina	action
wirobrajan	wilayah:kecamatan	Nomina	proper
wisnu	orang:nama-depan	Nomina	proper
wong	orang:nama-keluarga	Nomina	action
wonogiri	wilayah:kabupaten-kota,wilayah:kecamatan	Nomina	proper
wonosobo	wilayah:kabupaten-kota,wilayah:kecamatan	Nomina	proper
wulan	orang:nama-depan	Nomina	tempo
wungu	wilayah:kecamatan	Adjektiva	abstract
yahukimo	wilayah:kabupaten-kota	Nomina	proper
yalimo	wilayah:kabupaten-kota	Nomina	proper
yang	orang:nama-keluarga	Partikel	fused
yasmin	orang:nama-depan	Nomina	locus
yayu	orang:nama-depan	Nomina	proper
yoga	orang:nama-depan	Nomina	action
yogi	orang:nama-depan	Nomina	proper
yogia	orang:nama-keluarga	Adjektiva	abstract
yogyakarta	wilayah:kabupaten-kota,wilayah:provinsi	Nomina	proper
yuda	orang:nama-keluarga	Nomina	action
yuris	orang:nama-depan	Nomina	action
zaman	orang:nama-keluarga	Nomina	tempo
zulfikar	orang:nama-depan	Nomina	action
