waktu_utc	gerbang	label	ringkasan
2026-07-31T12:25Z	wild	[backfill] baseline sebelum kerja task-21/23/24	issue_total=3741 | per_1k=25.13 | per_rule=merge:315,puebi:434,slang:288,split:203,typo:2501 | crash=? | kalimat=10000 | kata=148839 | detik=? | lexicon=?
2026-07-31T17:17Z	wild	[backfill] setelah impor leksikon saja	issue_total=3363 | per_1k=22.60 | per_rule=merge:283,puebi:595,slang:288,split:135,typo:2062 | crash=? | kalimat=10000 | kata=148839 | detik=? | lexicon=?
2026-07-31T18:22Z	wild	[backfill] sebelum task-23	issue_total=3049 | per_1k=20.49 | per_rule=merge:284,puebi:633,slang:288,split:136,typo:1708 | crash=? | kalimat=10000 | kata=148839 | detik=? | lexicon=?
2026-07-31T18:42Z	wild	[backfill] pertengahan task-23	issue_total=2954 | per_1k=19.85 | per_rule=merge:242,puebi:626,slang:289,split:136,typo:1661 | crash=? | kalimat=10000 | kata=148839 | detik=? | lexicon=?
2026-07-31T19:21Z	wild	[backfill] sebelum pengerasan robustness	issue_total=2783 | per_1k=18.70 | per_rule=merge:208,puebi:524,slang:290,split:75,typo:1686 | crash=? | kalimat=10000 | kata=148839 | detik=? | lexicon=?
2026-07-31T19:31Z	wild	[backfill] sebelum task-24	issue_total=2729 | per_1k=18.34 | per_rule=merge:196,puebi:524,slang:290,split:72,typo:1647 | crash=? | kalimat=10000 | kata=148839 | detik=? | lexicon=?
2026-08-01T11:32Z	fp	task-24 lantai panjang typo 2->4	fp_total=0 | per_1k=0.00 | per_rule=- | crash=0 | kata=2075 | lexicon=72608
2026-08-01T11:32Z	recall	task-24 lantai panjang typo 2->4	recall=78/80 (97.5%) | saran=78/78 (100.0%) | miss=2 | saran_salah=0 | over_flag=2 | lexicon=72608 | onnx=ready
2026-08-01T11:41Z	wild	task-24 lantai panjang typo 2->4	issue_total=2483 | per_1k=16.68 | per_rule=merge:196,puebi:524,slang:290,split:72,typo:1401 | crash=0 | kalimat=10000 | kata=148839 | detik=505.8 | lexicon=72608
2026-08-01T12:11Z	probe	probe v1 smoke	pasangan=200 | pulih_utuh=144/200 (72.0%) | ditandai=96.5% | saran_benar=74.6% | kontrol_salah_tandai=0/200 (0.0%) | per_kelas_tandai/saran=ganda:97/87,hapus:98/70,substitusi:96/82,tukar:95/57 | dibuang_kata_sah=12 | seed=0x5eed1234abcd0001
2026-08-01T12:26Z	probe	probe v1 baseline	pasangan=1500 | pulih_utuh=1103/1500 (73.5%) | ditandai=95.3% | saran_benar=77.1% | kontrol_salah_tandai=11/1500 (0.7%) | per_kelas_tandai/saran=ganda:96/91,hapus:97/71,substitusi:94/82,tukar:95/63 | sebab_salah=pengambilan:85,peringkat:242 | symspell_vs_dikirim=88.5%/77.1% (-11.3pp) | dibuang_kata_sah=156 | seed=0x5eed1234abcd0001
2026-08-01T12:28Z	recall	A/B: rerank OFF	recall=78/80 (97.5%) | saran=78/78 (100.0%) | miss=2 | saran_salah=0 | over_flag=2 | lexicon=72608 | onnx=ready
2026-08-01T12:28Z	fp	A/B: rerank OFF	fp_total=0 | per_1k=0.00 | per_rule=- | crash=0 | kata=2075 | lexicon=72608
2026-08-01T12:28Z	probe	A/B: rerank OFF	pasangan=1500 | pulih_utuh=1263/1500 (84.2%) | ditandai=95.3% | saran_benar=88.3% | kontrol_salah_tandai=11/1500 (0.7%) | per_kelas_tandai/saran=ganda:96/94,hapus:97/79,substitusi:94/89,tukar:95/91 | sebab_salah=pengambilan:85,peringkat:82 | symspell_vs_dikirim=88.5%/88.3% (-0.1pp) | dibuang_kata_sah=156 | seed=0x5eed1234abcd0001
2026-08-01T12:30Z	fp	task-25: rerank OFF jadi default	fp_total=0 | per_1k=0.00 | per_rule=- | crash=0 | kata=2075 | lexicon=72608
2026-08-01T12:30Z	recall	task-25: rerank OFF jadi default	recall=78/80 (97.5%) | saran=78/78 (100.0%) | miss=2 | saran_salah=0 | over_flag=2 | lexicon=72608 | onnx=ready
2026-08-01T12:31Z	wild	task-25: rerank OFF jadi default	issue_total=2483 | per_1k=16.68 | per_rule=merge:196,puebi:524,slang:290,split:72,typo:1401 | crash=0 | kalimat=10000 | kata=148839 | detik=7.5 | lexicon=72608
2026-08-01T12:58Z	fp	task-30 klitik pasang-ulang	fp_total=0 | per_1k=0.00 | per_rule=- | crash=0 | kata=2075 | lexicon=72608
2026-08-01T12:58Z	recall	task-30 klitik pasang-ulang	recall=78/80 (97.5%) | saran=78/78 (100.0%) | miss=2 | saran_salah=0 | over_flag=2 | lexicon=72608 | onnx=ready
2026-08-01T12:58Z	probe	task-30 klitik pasang-ulang (gate konservatif)	pasangan=1500 | pulih_utuh=1299/1500 (86.6%) | ditandai=97.4% | saran_benar=88.9% | kontrol_salah_tandai=11/1500 (0.7%) | per_kelas_tandai/saran=ganda:98/96,hapus:98/80,substitusi:97/90,tukar:97/92 | sebab_salah=pengambilan:77,peringkat:85 | symspell_vs_dikirim=89.0%/88.9% (-0.1pp) | dibuang_kata_sah=156 | seed=0x5eed1234abcd0001
2026-08-01T13:00Z	probe	task-30/31: gate konservatif + belah klitik	pasangan=1500 | pulih_utuh=1299/1500 (86.6%) | ditandai=97.4% | saran_benar=88.9% | kontrol_salah_tandai=11/1500 (0.7%) | per_kelas_tandai/saran=ganda:98/96,hapus:98/80,substitusi:97/90,tukar:97/92 | sebab_salah=pengambilan:77,peringkat:85 | symspell_vs_dikirim=89.0%/88.9% (-0.1pp) | dibuang_kata_sah=156 | deteksi_klitik/biasa=89.6%(77)/97.8%(1423) | seed=0x5eed1234abcd0001
2026-08-01T13:01Z	probe	A/B task-30: reattach SELALU	pasangan=1500 | pulih_utuh=1299/1500 (86.6%) | ditandai=97.4% | saran_benar=88.9% | kontrol_salah_tandai=11/1500 (0.7%) | per_kelas_tandai/saran=ganda:98/96,hapus:98/80,substitusi:97/90,tukar:97/92 | sebab_salah=pengambilan:76,peringkat:86 | symspell_vs_dikirim=89.0%/88.9% (-0.1pp) | dibuang_kata_sah=156 | deteksi_klitik/biasa=89.6%(77)/97.8%(1423) | seed=0x5eed1234abcd0001
2026-08-01T13:04Z	fp	task-30 + awalan	fp_total=0 | per_1k=0.00 | per_rule=- | crash=0 | kata=2075 | lexicon=72608
2026-08-01T13:04Z	recall	task-30 + awalan	recall=78/80 (97.5%) | saran=78/78 (100.0%) | miss=2 | saran_salah=0 | over_flag=2 | lexicon=72608 | onnx=ready
2026-08-01T13:04Z	probe	task-30: klitik + awalan pasang-ulang	pasangan=1500 | pulih_utuh=1314/1500 (87.6%) | ditandai=98.6% | saran_benar=88.8% | kontrol_salah_tandai=11/1500 (0.7%) | per_kelas_tandai/saran=ganda:99/96,hapus:99/80,substitusi:99/89,tukar:98/91 | sebab_salah=pengambilan:74,peringkat:91 | symspell_vs_dikirim=89.0%/88.8% (-0.1pp) | dibuang_kata_sah=156 | deteksi_klitik/biasa=93.5%(77)/98.9%(1423) | seed=0x5eed1234abcd0001
2026-08-01T13:06Z	probe	task-27/28: confidence ortografis + kalibrasi	pasangan=1500 | pulih_utuh=1314/1500 (87.6%) | ditandai=98.6% | saran_benar=88.8% | kontrol_salah_tandai=11/1500 (0.7%) | per_kelas_tandai/saran=ganda:99/96,hapus:99/80,substitusi:99/89,tukar:98/91 | sebab_salah=pengambilan:74,peringkat:91 | symspell_vs_dikirim=89.0%/88.8% (-0.1pp) | dibuang_kata_sah=156 | kalibrasi_hi/lo=88.2%(1320)/94.3%(159) | deteksi_klitik/biasa=93.5%(77)/98.9%(1423) | seed=0x5eed1234abcd0001
2026-08-01T13:08Z	probe	task-27/28: visual_score kata utuh	pasangan=1500 | pulih_utuh=1314/1500 (87.6%) | ditandai=98.6% | saran_benar=88.8% | kontrol_salah_tandai=11/1500 (0.7%) | per_kelas_tandai/saran=ganda:99/96,hapus:99/80,substitusi:99/89,tukar:98/91 | sebab_salah=pengambilan:74,peringkat:91 | symspell_vs_dikirim=89.0%/88.8% (-0.1pp) | dibuang_kata_sah=156 | kalibrasi_hi/lo=88.0%(1326)/96.1%(153) | deteksi_klitik/biasa=93.5%(77)/98.9%(1423) | seed=0x5eed1234abcd0001
2026-08-01T13:09Z	fp	-	fp_total=0 | per_1k=0.00 | per_rule=- | crash=0 | kata=2254 | lexicon=72608
2026-08-01T13:10Z	fp	task-29: +2 kelas korpus (klitik, awalan)	fp_total=0 | per_1k=0.00 | per_rule=- | crash=0 | kata=2430 | lexicon=72608
2026-08-01T13:12Z	fp	final task-27..31	fp_total=0 | per_1k=0.00 | per_rule=- | crash=0 | kata=2430 | lexicon=72608
2026-08-01T13:13Z	recall	final task-27..31	recall=78/80 (97.5%) | saran=78/78 (100.0%) | miss=2 | saran_salah=0 | over_flag=2 | lexicon=72608 | onnx=ready
2026-08-01T13:13Z	wild	final task-27..31	issue_total=2555 | per_1k=17.17 | per_rule=merge:194,puebi:524,slang:290,split:72,typo:1475 | crash=0 | kalimat=10000 | kata=148839 | detik=7.5 | lexicon=72608
2026-08-01T13:13Z	probe	final task-27..31	pasangan=1500 | pulih_utuh=1314/1500 (87.6%) | ditandai=98.6% | saran_benar=88.8% | kontrol_salah_tandai=11/1500 (0.7%) | per_kelas_tandai/saran=ganda:99/96,hapus:99/80,substitusi:99/89,tukar:98/91 | sebab_salah=pengambilan:74,peringkat:91 | symspell_vs_dikirim=89.0%/88.8% (-0.1pp) | dibuang_kata_sah=156 | kalibrasi_hi/lo=88.0%(1326)/96.1%(153) | deteksi_klitik/biasa=93.5%(77)/98.9%(1423) | seed=0x5eed1234abcd0001
2026-08-01T13:15Z	wild	-	issue_total=2555 | per_1k=17.17 | per_rule=merge:194,puebi:524,slang:290,split:72,typo:1475 | crash=0 | kalimat=10000 | kata=148839 | detik=7.7 | lexicon=72608
2026-08-01T13:16Z	wild	-	issue_total=2550 | per_1k=17.13 | per_rule=merge:195,puebi:524,slang:290,split:72,typo:1469 | crash=0 | kalimat=10000 | kata=148839 | detik=7.5 | lexicon=72608
2026-08-01T13:16Z	wild	-	issue_total=2548 | per_1k=17.12 | per_rule=merge:195,puebi:524,slang:290,split:72,typo:1467 | crash=0 | kalimat=10000 | kata=148839 | detik=7.7 | lexicon=72608
2026-08-01T13:16Z	wild	-	issue_total=2533 | per_1k=17.02 | per_rule=merge:195,puebi:524,slang:290,split:72,typo:1452 | crash=0 | kalimat=10000 | kata=148839 | detik=7.5 | lexicon=72608
2026-08-01T13:16Z	wild	-	issue_total=2483 | per_1k=16.68 | per_rule=merge:196,puebi:524,slang:290,split:72,typo:1401 | crash=0 | kalimat=10000 | kata=148839 | detik=9.0 | lexicon=72608
2026-08-01T13:17Z	wild	-	issue_total=2555 | per_1k=17.17 | per_rule=merge:194,puebi:524,slang:290,split:72,typo:1475 | crash=0 | kalimat=10000 | kata=148839 | detik=7.6 | lexicon=72608
2026-08-01T13:19Z	fp	FINAL 2026-08-01: task-24..31	fp_total=0 | per_1k=0.00 | per_rule=- | crash=0 | kata=2430 | lexicon=72608
2026-08-01T13:19Z	recall	FINAL 2026-08-01: task-24..31	recall=78/80 (97.5%) | saran=78/78 (100.0%) | miss=2 | saran_salah=0 | over_flag=2 | lexicon=72608 | onnx=ready
2026-08-01T13:19Z	wild	FINAL 2026-08-01: task-24..31	issue_total=2555 | per_1k=17.17 | per_rule=merge:194,puebi:524,slang:290,split:72,typo:1475 | crash=0 | kalimat=10000 | kata=148839 | detik=7.6 | lexicon=72608
2026-08-01T13:19Z	probe	FINAL 2026-08-01: task-24..31	pasangan=1500 | pulih_utuh=1314/1500 (87.6%) | ditandai=98.6% | saran_benar=88.8% | kontrol_salah_tandai=11/1500 (0.7%) | per_kelas_tandai/saran=ganda:99/96,hapus:99/80,substitusi:99/89,tukar:98/91 | sebab_salah=pengambilan:74,peringkat:91 | symspell_vs_dikirim=89.0%/88.8% (-0.1pp) | dibuang_kata_sah=156 | kalibrasi_hi/lo=88.0%(1326)/96.1%(153) | deteksi_klitik/biasa=93.5%(77)/98.9%(1423) | seed=0x5eed1234abcd0001
2026-08-01T18:36Z	fp	task-33: daftar senyap typo	fp_total=0 | per_1k=0.00 | per_rule=- | crash=0 | kata=2430 | lexicon=72608
2026-08-01T18:36Z	recall	task-33: daftar senyap typo	recall=78/80 (97.5%) | saran=78/78 (100.0%) | miss=2 | saran_salah=0 | over_flag=2 | lexicon=72608 | onnx=ready
2026-08-01T18:37Z	wild	task-33: daftar senyap typo	issue_total=1986 | per_1k=13.34 | per_rule=merge:194,puebi:524,slang:290,split:72,typo:906 | crash=0 | kalimat=10000 | kata=148839 | detik=8.4 | lexicon=72608
2026-08-01T18:37Z	probe	task-33: daftar senyap typo	pasangan=1500 | pulih_utuh=1313/1500 (87.5%) | ditandai=98.5% | saran_benar=88.8% | kontrol_salah_tandai=11/1500 (0.7%) | per_kelas_tandai/saran=ganda:99/96,hapus:99/80,substitusi:98/89,tukar:98/91 | sebab_salah=pengambilan:74,peringkat:91 | symspell_vs_dikirim=89.0%/88.8% (-0.1pp) | dibuang_kata_sah=156 | kalibrasi_hi/lo=88.0%(1325)/96.1%(153) | deteksi_klitik/biasa=93.5%(77)/98.8%(1423) | seed=0x5eed1234abcd0001
2026-08-01T18:44Z	wild	task-33: cuplikan berjarak (perbaikan bias alfabetis)	issue_total=1932 | per_1k=12.54 | per_rule=merge:221,puebi:519,slang:281,split:76,typo:835 | crash=0 | kalimat=10000 | kata=154079 | detik=16.9 | lexicon=72608
2026-08-01T18:55Z	fp	task-32: transformasi -in ke slang	fp_total=0 | per_1k=0.00 | per_rule=- | crash=0 | kata=2430 | lexicon=72608
2026-08-01T18:55Z	recall	task-32: transformasi -in ke slang	recall=78/80 (97.5%) | saran=78/78 (100.0%) | miss=2 | saran_salah=0 | over_flag=2 | lexicon=72608 | onnx=ready
2026-08-01T18:55Z	wild	task-32: transformasi -in ke slang	issue_total=1933 | per_1k=12.55 | per_rule=merge:221,puebi:518,slang:303,split:76,typo:815 | crash=0 | kalimat=10000 | kata=154079 | detik=7.8 | lexicon=72608
2026-08-01T18:58Z	fp	task-32 dibatalkan (bukti tak cukup) — baseline	fp_total=0 | per_1k=0.00 | per_rule=- | crash=0 | kata=2430 | lexicon=72608
2026-08-01T18:59Z	recall	task-32 dibatalkan (bukti tak cukup) — baseline	recall=78/80 (97.5%) | saran=78/78 (100.0%) | miss=2 | saran_salah=0 | over_flag=2 | lexicon=72608 | onnx=ready
2026-08-01T18:59Z	wild	task-32 dibatalkan (bukti tak cukup) — baseline	issue_total=1932 | per_1k=12.54 | per_rule=merge:221,puebi:519,slang:281,split:76,typo:835 | crash=0 | kalimat=10000 | kata=154079 | detik=7.1 | lexicon=72608
2026-08-01T20:49Z	doc	baseline dokumen (sebelum task-34)	dokumen=400 | kata=205613 | issue_total=3475 | per_1k=16.90 | per_rule=merge:261,puebi:832,slang:207,split:104,typo:2071 | kapital_awal_kalimat=287 (typo:239) | crash=8 | detik=13.4
2026-08-01T20:50Z	doc	-	dokumen=400 | kata=205613 | issue_total=3475 | per_1k=16.90 | per_rule=merge:261,puebi:832,slang:207,split:104,typo:2071 | kapital_awal_kalimat=287 (typo:239) | crash=8 | detik=12.6
2026-08-01T20:52Z	fp	task-34: fix panic sentence_window multibyte	fp_total=0 | per_1k=0.00 | per_rule=- | crash=0 | kata=2430 | lexicon=72608
2026-08-01T20:52Z	recall	task-34: fix panic sentence_window multibyte	recall=78/80 (97.5%) | saran=78/78 (100.0%) | miss=2 | saran_salah=0 | over_flag=2 | lexicon=72608 | onnx=ready
2026-08-01T20:53Z	doc	task-34: fix panic sentence_window multibyte	dokumen=400 | kata=205613 | issue_total=3622 | per_1k=17.62 | per_rule=merge:270,puebi:852,slang:213,split:106,typo:2181 | kapital_awal_kalimat=304 (typo:255) | crash=0 | detik=20.0
2026-08-01T20:56Z	fp	task-34: bukti nama tingkat dokumen	fp_total=0 | per_1k=0.00 | per_rule=- | crash=0 | kata=2430 | lexicon=72608
2026-08-01T20:56Z	recall	task-34: bukti nama tingkat dokumen	recall=78/80 (97.5%) | saran=78/78 (100.0%) | miss=2 | saran_salah=0 | over_flag=2 | lexicon=72608 | onnx=ready
2026-08-01T20:56Z	doc	task-34: bukti nama tingkat dokumen	dokumen=400 | kata=205613 | issue_total=3473 | per_1k=16.89 | per_rule=merge:270,puebi:852,slang:213,split:106,typo:2032 | kapital_awal_kalimat=157 (typo:108) | crash=0 | detik=11.0
2026-08-01T20:57Z	wild	task-34: bukti nama tingkat dokumen	issue_total=1932 | per_1k=12.54 | per_rule=merge:221,puebi:519,slang:281,split:76,typo:835 | crash=0 | kalimat=10000 | kata=154079 | detik=7.3 | lexicon=72608
2026-08-01T20:58Z	probe	task-34: bukti nama tingkat dokumen	pasangan=1500 | pulih_utuh=1313/1500 (87.5%) | ditandai=98.5% | saran_benar=88.8% | kontrol_salah_tandai=11/1500 (0.7%) | per_kelas_tandai/saran=ganda:99/96,hapus:99/80,substitusi:98/89,tukar:98/91 | sebab_salah=pengambilan:74,peringkat:91 | symspell_vs_dikirim=89.0%/88.8% (-0.1pp) | dibuang_kata_sah=156 | kalibrasi_hi/lo=88.0%(1325)/96.1%(153) | deteksi_klitik/biasa=93.5%(77)/98.8%(1423) | seed=0x5eed1234abcd0001
2026-08-02T09:52Z	nuance	task-26 T-26.2: nuansa vs 11 rule	terverifikasi=lewat 97.7% dari 43 | panen_unik=lewat 91.4% dari 292 | panen_baris=lewat 93.8% dari 402
2026-08-02T11:11Z	doc	T-26.3 blog pemilik repo (ragam draf)	korpus=fixtures/doc-audit/dokumen-blog-pemilik.jsonl | dokumen=29 | kata=11444 | issue_total=409 | per_1k=35.74 | per_rule=merge:12,puebi:96,slang:13,split:4,typo:284 | kapital_awal_kalimat=19 (typo:11) | crash=0 | detik=1.2
2026-08-02T11:40Z	doc	T-26.3 blog 107 dok (ragam sasaran)	korpus=fixtures/doc-audit/dokumen-blog-pemilik.jsonl | dokumen=107 | kata=43447 | issue_total=1420 | per_1k=32.68 | per_rule=merge:45,puebi:359,slang:21,split:16,typo:979 | kapital_awal_kalimat=49 (typo:26) | crash=0 | detik=2.9
2026-08-02T11:45Z	fp	triase presisi per-rule di ragam pengguna	fp_total=0 | per_1k=0.00 | per_rule=- | crash=0 | kata=2430 | lexicon=72608
2026-08-02T11:45Z	recall	triase presisi per-rule di ragam pengguna	recall=78/80 (97.5%) | saran=78/78 (100.0%) | miss=2 | saran_salah=0 | over_flag=2 | lexicon=72608 | onnx=ready
2026-08-02T20:27Z	fp	task-35: penyenyap Inggris lintas-rule	fp_total=0 | per_1k=0.00 | per_rule=- | crash=0 | kata=2430 | lexicon=72608
2026-08-02T20:27Z	recall	task-35: penyenyap Inggris lintas-rule	recall=78/80 (97.5%) | saran=78/78 (100.0%) | miss=2 | saran_salah=0 | over_flag=2 | lexicon=72608 | onnx=ready
2026-08-02T20:27Z	doc	task-35: penyenyap Inggris lintas-rule	korpus=fixtures/doc-audit/dokumen-blog-pemilik.jsonl | dokumen=107 | kata=43447 | issue_total=849 | per_1k=19.54 | per_rule=merge:33,puebi:359,slang:20,split:16,typo:421 | kapital_awal_kalimat=37 (typo:15) | crash=0 | detik=2.8
2026-08-02T20:28Z	doc	task-35: penyenyap Inggris lintas-rule	korpus=fixtures/doc-audit/documents.jsonl | dokumen=400 | kata=205613 | issue_total=2948 | per_1k=14.34 | per_rule=merge:241,puebi:853,slang:210,split:106,typo:1538 | kapital_awal_kalimat=142 (typo:93) | crash=0 | detik=11.8
2026-08-02T20:29Z	fp	task-35 lengkap	fp_total=0 | per_1k=0.00 | per_rule=- | crash=0 | kata=2430 | lexicon=72608
2026-08-02T20:29Z	recall	task-35 lengkap	recall=78/80 (97.5%) | saran=78/78 (100.0%) | miss=2 | saran_salah=0 | over_flag=2 | lexicon=72608 | onnx=ready
2026-08-02T20:29Z	doc	task-35 lengkap: penyenyap Inggris 5 rule	korpus=fixtures/doc-audit/dokumen-blog-pemilik.jsonl | dokumen=107 | kata=43447 | issue_total=843 | per_1k=19.40 | per_rule=merge:33,puebi:353,slang:20,split:16,typo:421 | kapital_awal_kalimat=37 (typo:15) | crash=0 | detik=2.8
2026-08-02T20:29Z	wild	task-35 lengkap	issue_total=1846 | per_1k=11.98 | per_rule=merge:216,puebi:512,slang:277,split:76,typo:765 | crash=0 | kalimat=10000 | kata=154079 | detik=8.8 | lexicon=72608
2026-08-02T20:29Z	probe	task-35 lengkap	pasangan=1500 | pulih_utuh=1309/1500 (87.3%) | ditandai=98.0% | saran_benar=89.0% | kontrol_salah_tandai=11/1500 (0.7%) | per_kelas_tandai/saran=ganda:99/96,hapus:98/81,substitusi:98/89,tukar:98/92 | sebab_salah=pengambilan:73,peringkat:88 | symspell_vs_dikirim=89.2%/89.0% (-0.1pp) | dibuang_kata_sah=156 | kalibrasi_hi/lo=88.2%(1317)/96.1%(153) | deteksi_klitik/biasa=93.5%(77)/98.2%(1423) | seed=0x5eed1234abcd0001
2026-08-02T20:41Z	doc	-	korpus=fixtures/doc-audit/dokumen-blog-pemilik.jsonl | dokumen=107 | kata=43447 | issue_total=843 | per_1k=19.40 | per_rule=merge:33,puebi:353,slang:20,split:16,typo:421 | kapital_awal_kalimat=37 (typo:15) | crash=0 | detik=2.8
2026-08-02T20:41Z	doc	-	korpus=fixtures/doc-audit/dokumen-blog-pemilik.jsonl | dokumen=107 | kata=43447 | issue_total=810 | per_1k=18.64 | per_rule=merge:33,puebi:353,slang:20,split:16,typo:388 | kapital_awal_kalimat=36 (typo:14) | crash=0 | detik=3.2
2026-08-02T20:41Z	doc	-	korpus=fixtures/doc-audit/dokumen-blog-pemilik.jsonl | dokumen=107 | kata=43447 | issue_total=763 | per_1k=17.56 | per_rule=merge:33,puebi:353,slang:20,split:16,typo:341 | kapital_awal_kalimat=36 (typo:14) | crash=0 | detik=2.7
2026-08-02T20:42Z	doc	-	korpus=fixtures/doc-audit/dokumen-blog-pemilik.jsonl | dokumen=107 | kata=43447 | issue_total=712 | per_1k=16.39 | per_rule=merge:33,puebi:353,slang:20,split:16,typo:290 | kapital_awal_kalimat=35 (typo:13) | crash=0 | detik=2.8
2026-08-02T20:42Z	doc	-	korpus=fixtures/doc-audit/dokumen-blog-pemilik.jsonl | dokumen=107 | kata=43447 | issue_total=568 | per_1k=13.07 | per_rule=merge:33,puebi:353,slang:20,split:16,typo:146 | kapital_awal_kalimat=30 (typo:8) | crash=0 | detik=2.6
2026-08-02T20:42Z	doc	-	korpus=fixtures/doc-audit/dokumen-blog-pemilik.jsonl | dokumen=107 | kata=43447 | issue_total=468 | per_1k=10.77 | per_rule=merge:33,puebi:353,slang:20,split:16,typo:46 | kapital_awal_kalimat=25 (typo:3) | crash=0 | detik=2.7
2026-08-02T20:42Z	doc	-	korpus=fixtures/doc-audit/dokumen-blog-pemilik.jsonl | dokumen=107 | kata=43447 | issue_total=428 | per_1k=9.85 | per_rule=merge:33,puebi:353,slang:20,split:16,typo:6 | kapital_awal_kalimat=22 (typo:0) | crash=0 | detik=3.3
2026-08-02T20:42Z	probe	-	pasangan=600 | pulih_utuh=531/600 (88.5%) | ditandai=98.0% | saran_benar=90.3% | kontrol_salah_tandai=5/600 (0.8%) | per_kelas_tandai/saran=ganda:100/96,hapus:97/86,substitusi:99/88,tukar:95/94 | sebab_salah=pengambilan:21,peringkat:36 | symspell_vs_dikirim=90.6%/90.3% (-0.3pp) | dibuang_kata_sah=53 | kalibrasi_hi/lo=89.3%(531)/100.0%(57) | deteksi_klitik/biasa=92.9%(28)/98.3%(572) | seed=0x5eed1234abcd0001
2026-08-02T20:42Z	probe	-	pasangan=600 | pulih_utuh=528/600 (88.0%) | ditandai=96.7% | saran_benar=91.0% | kontrol_salah_tandai=5/600 (0.8%) | per_kelas_tandai/saran=ganda:97/97,hapus:97/86,substitusi:98/89,tukar:93/96 | sebab_salah=pengambilan:16,peringkat:36 | symspell_vs_dikirim=91.4%/91.0% (-0.3pp) | dibuang_kata_sah=53 | kalibrasi_hi/lo=90.1%(523)/100.0%(57) | deteksi_klitik/biasa=89.3%(28)/97.0%(572) | seed=0x5eed1234abcd0001
2026-08-02T20:43Z	probe	-	pasangan=600 | pulih_utuh=513/600 (85.5%) | ditandai=92.8% | saran_benar=92.1% | kontrol_salah_tandai=5/600 (0.8%) | per_kelas_tandai/saran=ganda:92/98,hapus:96/87,substitusi:93/91,tukar:90/95 | sebab_salah=pengambilan:13,peringkat:31 | symspell_vs_dikirim=92.5%/92.1% (-0.4pp) | dibuang_kata_sah=53 | kalibrasi_hi/lo=91.2%(502)/100.0%(55) | deteksi_klitik/biasa=82.1%(28)/93.4%(572) | seed=0x5eed1234abcd0001
2026-08-02T20:43Z	probe	-	pasangan=600 | pulih_utuh=464/600 (77.3%) | ditandai=82.5% | saran_benar=93.7% | kontrol_salah_tandai=5/600 (0.8%) | per_kelas_tandai/saran=ganda:87/99,hapus:88/87,substitusi:79/93,tukar:79/98 | sebab_salah=pengambilan:4,peringkat:27 | symspell_vs_dikirim=94.1%/93.7% (-0.4pp) | dibuang_kata_sah=53 | kalibrasi_hi/lo=93.0%(445)/100.0%(50) | deteksi_klitik/biasa=67.9%(28)/83.2%(572) | seed=0x5eed1234abcd0001
2026-08-02T20:43Z	probe	-	pasangan=600 | pulih_utuh=370/600 (61.7%) | ditandai=65.5% | saran_benar=94.1% | kontrol_salah_tandai=5/600 (0.8%) | per_kelas_tandai/saran=ganda:71/99,hapus:68/85,substitusi:62/95,tukar:66/99 | sebab_salah=pengambilan:2,peringkat:21 | symspell_vs_dikirim=94.7%/94.1% (-0.5pp) | dibuang_kata_sah=53 | kalibrasi_hi/lo=93.4%(349)/100.0%(44) | deteksi_klitik/biasa=46.4%(28)/66.4%(572) | seed=0x5eed1234abcd0001
2026-08-02T20:44Z	doc	-	korpus=fixtures/doc-audit/dokumen-blog-pemilik.jsonl | dokumen=107 | kata=43447 | issue_total=468 | per_1k=10.77 | per_rule=merge:33,puebi:353,slang:20,split:16,typo:46 | kapital_awal_kalimat=25 (typo:3) | crash=0 | detik=3.2
2026-08-02T20:44Z	doc	-	korpus=fixtures/doc-audit/dokumen-blog-pemilik.jsonl | dokumen=107 | kata=43447 | issue_total=843 | per_1k=19.40 | per_rule=merge:33,puebi:353,slang:20,split:16,typo:421 | kapital_awal_kalimat=37 (typo:15) | crash=0 | detik=2.6
2026-08-02T20:44Z	probe	-	pasangan=600 | pulih_utuh=531/600 (88.5%) | ditandai=98.0% | saran_benar=90.3% | kontrol_salah_tandai=5/600 (0.8%) | per_kelas_tandai/saran=ganda:100/96,hapus:97/86,substitusi:99/88,tukar:95/94 | sebab_salah=pengambilan:21,peringkat:36 | symspell_vs_dikirim=90.6%/90.3% (-0.3pp) | dibuang_kata_sah=53 | kalibrasi_hi/lo=89.3%(531)/100.0%(57) | deteksi_klitik/biasa=92.9%(28)/98.3%(572) | seed=0x5eed1234abcd0001
2026-08-02T20:45Z	doc	-	korpus=fixtures/doc-audit/dokumen-blog-pemilik.jsonl | dokumen=107 | kata=43447 | issue_total=843 | per_1k=19.40 | per_rule=merge:33,puebi:353,slang:20,split:16,typo:421 | kapital_awal_kalimat=37 (typo:15) | crash=0 | detik=2.6
2026-08-02T20:45Z	probe	-	pasangan=600 | pulih_utuh=531/600 (88.5%) | ditandai=98.0% | saran_benar=90.3% | kontrol_salah_tandai=5/600 (0.8%) | per_kelas_tandai/saran=ganda:100/96,hapus:97/86,substitusi:99/88,tukar:95/94 | sebab_salah=pengambilan:21,peringkat:36 | symspell_vs_dikirim=90.6%/90.3% (-0.3pp) | dibuang_kata_sah=53 | kalibrasi_hi/lo=89.3%(531)/100.0%(57) | deteksi_klitik/biasa=92.9%(28)/98.3%(572) | seed=0x5eed1234abcd0001
2026-08-02T20:45Z	doc	-	korpus=fixtures/doc-audit/dokumen-blog-pemilik.jsonl | dokumen=107 | kata=43447 | issue_total=843 | per_1k=19.40 | per_rule=merge:33,puebi:353,slang:20,split:16,typo:421 | kapital_awal_kalimat=37 (typo:15) | crash=0 | detik=2.7
2026-08-02T20:45Z	probe	-	pasangan=600 | pulih_utuh=531/600 (88.5%) | ditandai=98.0% | saran_benar=90.3% | kontrol_salah_tandai=5/600 (0.8%) | per_kelas_tandai/saran=ganda:100/96,hapus:97/86,substitusi:99/88,tukar:95/94 | sebab_salah=pengambilan:21,peringkat:36 | symspell_vs_dikirim=90.6%/90.3% (-0.3pp) | dibuang_kata_sah=53 | kalibrasi_hi/lo=89.3%(531)/100.0%(57) | deteksi_klitik/biasa=92.9%(28)/98.3%(572) | seed=0x5eed1234abcd0001
2026-08-02T20:45Z	doc	-	korpus=fixtures/doc-audit/dokumen-blog-pemilik.jsonl | dokumen=107 | kata=43447 | issue_total=592 | per_1k=13.63 | per_rule=merge:33,puebi:353,slang:20,split:16,typo:170 | kapital_awal_kalimat=33 (typo:11) | crash=0 | detik=3.4
2026-08-02T20:46Z	probe	-	pasangan=600 | pulih_utuh=531/600 (88.5%) | ditandai=95.7% | saran_benar=92.5% | kontrol_salah_tandai=5/600 (0.8%) | per_kelas_tandai/saran=ganda:97/99,hapus:96/87,substitusi:96/91,tukar:93/96 | sebab_salah=pengambilan:7,peringkat:36 | symspell_vs_dikirim=92.9%/92.5% (-0.3pp) | dibuang_kata_sah=53 | kalibrasi_hi/lo=91.7%(517)/100.0%(57) | deteksi_klitik/biasa=82.1%(28)/96.3%(572) | seed=0x5eed1234abcd0001
2026-08-02T20:46Z	doc	-	korpus=fixtures/doc-audit/dokumen-blog-pemilik.jsonl | dokumen=107 | kata=43447 | issue_total=526 | per_1k=12.11 | per_rule=merge:33,puebi:353,slang:20,split:16,typo:104 | kapital_awal_kalimat=31 (typo:9) | crash=0 | detik=2.9
2026-08-02T20:46Z	probe	-	pasangan=600 | pulih_utuh=513/600 (85.5%) | ditandai=91.2% | saran_benar=93.8% | kontrol_salah_tandai=5/600 (0.8%) | per_kelas_tandai/saran=ganda:90/100,hapus:95/87,substitusi:91/93,tukar:89/97 | sebab_salah=pengambilan:3,peringkat:31 | symspell_vs_dikirim=94.1%/93.8% (-0.4pp) | dibuang_kata_sah=53 | kalibrasi_hi/lo=93.1%(492)/100.0%(55) | deteksi_klitik/biasa=75.0%(28)/92.0%(572) | seed=0x5eed1234abcd0001
2026-08-02T20:46Z	doc	-	korpus=fixtures/doc-audit/dokumen-blog-pemilik.jsonl | dokumen=107 | kata=43447 | issue_total=472 | per_1k=10.86 | per_rule=merge:33,puebi:353,slang:20,split:16,typo:50 | kapital_awal_kalimat=27 (typo:5) | crash=0 | detik=3.2
2026-08-02T20:47Z	probe	-	pasangan=600 | pulih_utuh=464/600 (77.3%) | ditandai=82.2% | saran_benar=94.1% | kontrol_salah_tandai=5/600 (0.8%) | per_kelas_tandai/saran=ganda:86/100,hapus:88/87,substitusi:79/94,tukar:79/98 | sebab_salah=pengambilan:2,peringkat:27 | symspell_vs_dikirim=94.5%/94.1% (-0.4pp) | dibuang_kata_sah=53 | kalibrasi_hi/lo=93.5%(443)/100.0%(50) | deteksi_klitik/biasa=67.9%(28)/82.9%(572) | seed=0x5eed1234abcd0001
2026-08-02T20:47Z	doc	-	korpus=fixtures/doc-audit/dokumen-blog-pemilik.jsonl | dokumen=107 | kata=43447 | issue_total=440 | per_1k=10.13 | per_rule=merge:33,puebi:353,slang:20,split:16,typo:18 | kapital_awal_kalimat=23 (typo:1) | crash=0 | detik=3.3
2026-08-02T20:47Z	probe	-	pasangan=600 | pulih_utuh=370/600 (61.7%) | ditandai=65.3% | saran_benar=94.4% | kontrol_salah_tandai=5/600 (0.8%) | per_kelas_tandai/saran=ganda:70/100,hapus:68/85,substitusi:62/95,tukar:66/99 | sebab_salah=pengambilan:1,peringkat:21 | symspell_vs_dikirim=94.9%/94.4% (-0.5pp) | dibuang_kata_sah=53 | kalibrasi_hi/lo=93.7%(348)/100.0%(44) | deteksi_klitik/biasa=46.4%(28)/66.3%(572) | seed=0x5eed1234abcd0001
2026-08-02T20:47Z	recall	-	recall=78/80 (97.5%) | saran=78/78 (100.0%) | miss=2 | saran_salah=0 | over_flag=2 | lexicon=72608 | onnx=ready
2026-08-02T20:47Z	recall	-	recall=78/80 (97.5%) | saran=78/78 (100.0%) | miss=2 | saran_salah=0 | over_flag=2 | lexicon=72608 | onnx=ready
2026-08-02T20:47Z	recall	-	recall=78/80 (97.5%) | saran=78/78 (100.0%) | miss=2 | saran_salah=0 | over_flag=2 | lexicon=72608 | onnx=ready
2026-08-02T20:48Z	doc	-	korpus=fixtures/doc-audit/dokumen-blog-pemilik.jsonl | dokumen=107 | kata=43447 | issue_total=440 | per_1k=10.13 | per_rule=merge:33,puebi:353,slang:20,split:16,typo:18 | kapital_awal_kalimat=23 (typo:1) | crash=0 | detik=2.7
2026-08-02T20:48Z	recall	-	recall=78/80 (97.5%) | saran=78/78 (100.0%) | miss=2 | saran_salah=0 | over_flag=2 | lexicon=72608 | onnx=ready
2026-08-02T20:49Z	recall	-	recall=76/80 (95.0%) | saran=76/76 (100.0%) | miss=4 | saran_salah=0 | over_flag=2 | lexicon=72608 | onnx=ready
2026-08-02T20:49Z	recall	-	recall=76/80 (95.0%) | saran=76/76 (100.0%) | miss=4 | saran_salah=0 | over_flag=2 | lexicon=72608 | onnx=ready
2026-08-02T20:49Z	recall	-	recall=75/80 (93.8%) | saran=75/75 (100.0%) | miss=5 | saran_salah=0 | over_flag=1 | lexicon=72608 | onnx=ready
2026-08-02T20:49Z	recall	-	recall=72/80 (90.0%) | saran=72/72 (100.0%) | miss=8 | saran_salah=0 | over_flag=1 | lexicon=72608 | onnx=ready
2026-08-02T20:50Z	fp	task-36: typo dist<=1 jadi default	fp_total=0 | per_1k=0.00 | per_rule=- | crash=0 | kata=2430 | lexicon=72608
2026-08-02T20:50Z	recall	task-36: typo dist<=1 jadi default	recall=78/80 (97.5%) | saran=78/78 (100.0%) | miss=2 | saran_salah=0 | over_flag=2 | lexicon=72608 | onnx=ready
2026-08-02T20:50Z	doc	task-36: typo dist<=1 jadi default	korpus=fixtures/doc-audit/dokumen-blog-pemilik.jsonl | dokumen=107 | kata=43447 | issue_total=592 | per_1k=13.63 | per_rule=merge:33,puebi:353,slang:20,split:16,typo:170 | kapital_awal_kalimat=33 (typo:11) | crash=0 | detik=3.1
2026-08-02T20:50Z	wild	task-36: typo dist<=1 jadi default	issue_total=1576 | per_1k=10.23 | per_rule=merge:216,puebi:512,slang:277,split:76,typo:495 | crash=0 | kalimat=10000 | kata=154079 | detik=8.9 | lexicon=72608
2026-08-02T20:51Z	probe	task-36	pasangan=1500 | pulih_utuh=1309/1500 (87.3%) | ditandai=95.0% | saran_benar=91.9% | kontrol_salah_tandai=11/1500 (0.7%) | per_kelas_tandai/saran=ganda:96/99,hapus:95/83,substitusi:95/92,tukar:94/95 | sebab_salah=pengambilan:28,peringkat:88 | symspell_vs_dikirim=92.0%/91.9% (-0.1pp) | dibuang_kata_sah=156 | kalibrasi_hi/lo=91.0%(1277)/99.3%(148) | deteksi_klitik/biasa=77.9%(77)/95.9%(1423) | seed=0x5eed1234abcd0001
2026-08-03T04:40Z	doc	-	korpus=fixtures/doc-audit/documents.jsonl | dokumen=400 | kata=205613 | issue_total=2255 | per_1k=10.97 | per_rule=merge:241,puebi:773,slang:210,split:106,typo:925 | kapital_awal_kalimat=132 (typo:83) | crash=0 | detik=11.9
2026-08-03T04:40Z	doc	-	korpus=fixtures/doc-audit/documents.jsonl | dokumen=400 | kata=205613 | issue_total=2225 | per_1k=10.82 | per_rule=merge:241,puebi:773,slang:210,split:106,typo:895 | kapital_awal_kalimat=102 (typo:53) | crash=0 | detik=11.1
2026-08-03T04:41Z	doc	-	korpus=fixtures/doc-audit/documents.jsonl | dokumen=400 | kata=205613 | issue_total=2259 | per_1k=10.99 | per_rule=merge:241,puebi:772,slang:212,split:106,typo:928 | kapital_awal_kalimat=132 (typo:83) | crash=0 | detik=11.5
2026-08-03T04:41Z	doc	-	korpus=fixtures/doc-audit/documents.jsonl | dokumen=400 | kata=205613 | issue_total=2232 | per_1k=10.86 | per_rule=merge:241,puebi:772,slang:212,split:106,typo:901 | kapital_awal_kalimat=105 (typo:56) | crash=0 | detik=12.5
2026-08-03T04:48Z	idempotensi	riset D M1: idempotensi, korpus Wikipedia	semua=awal 2225 akhir 0 baru 14 putaran 2.06 | gerbang=awal 2225 akhir 1141 baru 6 putaran 1.85
2026-08-03T04:48Z	idempotensi	riset D M1: idempotensi, ragam pengguna	semua=awal 592 akhir 0 baru 3 putaran 2.03 | gerbang=awal 592 akhir 204 baru 1 putaran 1.86
2026-08-03T04:51Z	doc	-	korpus=fixtures/doc-audit/dokumen-blog-pemilik.jsonl | dokumen=107 | kata=43447 | issue_total=592 | per_1k=13.63 | per_rule=merge:33,puebi:353,slang:20,split:16,typo:170 | kapital_awal_kalimat=33 (typo:11) | crash=0 | detik=2.7
2026-08-03T04:51Z	doc	-	korpus=fixtures/doc-audit/dokumen-blog-pemilik.jsonl | dokumen=107 | kata=43447 | issue_total=555 | per_1k=12.77 | per_rule=puebi:354,slang:20,split:10,typo:171 | kapital_awal_kalimat=30 (typo:11) | crash=0 | detik=1.5
2026-08-03T04:52Z	doc	-	korpus=fixtures/doc-audit/dokumen-blog-pemilik.jsonl | dokumen=107 | kata=43447 | issue_total=546 | per_1k=12.57 | per_rule=puebi:355,slang:20,typo:171 | kapital_awal_kalimat=29 (typo:11) | crash=0 | detik=1.2
2026-08-03T05:03Z	doc	-	korpus=fixtures/doc-audit/dokumen-blog-pemilik.jsonl | dokumen=107 | kata=43447 | issue_total=592 | per_1k=13.63 | per_rule=merge:33,puebi:353,slang:20,split:16,typo:170 | kapital_awal_kalimat=33 (typo:11) | crash=0 | detik=5.0
2026-08-03T05:03Z	doc	-	korpus=fixtures/doc-audit/dokumen-blog-pemilik.jsonl | dokumen=107 | kata=43447 | issue_total=592 | per_1k=13.63 | per_rule=merge:33,puebi:353,slang:20,split:16,typo:170 | kapital_awal_kalimat=33 (typo:11) | crash=0 | detik=6.1
2026-08-03T05:04Z	doc	-	korpus=fixtures/doc-audit/dokumen-blog-pemilik.jsonl | dokumen=107 | kata=43447 | issue_total=592 | per_1k=13.63 | per_rule=merge:33,puebi:353,slang:20,split:16,typo:170 | kapital_awal_kalimat=33 (typo:11) | crash=0 | detik=5.1
2026-08-03T05:04Z	fp	fix nondeterminisme rangkaian uji	fp_total=0 | per_1k=0.00 | per_rule=- | crash=0 | kata=2430 | lexicon=72608
2026-08-03T05:05Z	recall	fix nondeterminisme rangkaian uji	recall=78/80 (97.5%) | saran=78/78 (100.0%) | miss=2 | saran_salah=0 | over_flag=2 | lexicon=72608 | onnx=ready
2026-08-03T05:05Z	doc	fix nondeterminisme	korpus=fixtures/doc-audit/dokumen-blog-pemilik.jsonl | dokumen=107 | kata=43447 | issue_total=592 | per_1k=13.63 | per_rule=merge:33,puebi:353,slang:20,split:16,typo:170 | kapital_awal_kalimat=33 (typo:11) | crash=0 | detik=4.2
2026-08-03T05:17Z	onnx	riset B: ketangguhan model kontekstual	kasus=55 | tak_deterministik=0 (0.0%) | perturbasi_balik=1 (1.8%) | perturbasi_skor_geser=0 (0.0%) | latensi_p50_p90_p99=794.5/1289.3/1679.1 ms
2026-08-03T05:20Z	onnx	riset B: n lebih besar	kasus=19 | tak_deterministik=0 (0.0%) | perturbasi_balik=1 (5.3%) | perturbasi_skor_geser=0 (0.0%) | latensi_p50_p90_p99=827.5/1255.9/1317.4 ms
2026-08-03T05:29Z	onnx	riset B: sampling diperbaiki	kasus=130 | tak_deterministik=0 (0.0%) | perturbasi_balik=4 (3.1%) | perturbasi_skor_geser=1 (0.8%) | latensi_p50_p90_p99=679.8/1192.5/1393.6 ms
2026-08-03T06:46Z	doc	riset E: korpus blog diperbaiki	korpus=fixtures/doc-audit/dokumen-blog-pemilik.jsonl | dokumen=107 | kata=42826 | issue_total=589 | per_1k=13.75 | per_rule=merge:33,puebi:353,slang:20,split:16,typo:167 | kapital_awal_kalimat=33 (typo:11) | crash=0 | detik=4.3
2026-08-03T09:26Z	sinyal_asing	E-1: angka pembanding temuan 05 dijadikan dapat dihasilkan ulang	populasi=495 wild-typo, 3000 korupsi | bentuk_ortografis=tutup 14.3% rusak 19.87% | kamus_inggris_min5=tutup 0.0% rusak 0.43% | daftar_korpus=tutup 0.0% rusak 0.03% | gabungan_aktif=tutup 0.0% rusak 0.43%
2026-08-03T09:27Z	wild	-	issue_total=2002 | per_1k=12.99 | per_rule=merge:221,puebi:519,slang:281,split:76,typo:905 | crash=0 | kalimat=10000 | kata=154079 | detik=10.4 | lexicon=72608
2026-08-03T09:27Z	sinyal_asing	E-1: pembanding sinyal asing, populasi pra-penekanan	populasi=905 wild-typo, 3000 korupsi | bentuk_ortografis=tutup 32.8% rusak 19.87% | kamus_inggris_min5=tutup 24.5% rusak 0.43% | daftar_korpus=tutup 42.0% rusak 0.03% | gabungan_aktif=tutup 45.3% rusak 0.43%
2026-08-03T09:28Z	sinyal_asing	E-1: pembanding sinyal asing	populasi=905 wild-typo, 3000 korupsi | bentuk_ortografis=tutup 32.8% rusak 19.87% | kamus_inggris_min5=tutup 24.5% rusak 0.43% | daftar_korpus=tutup 42.0% rusak 0.03% | gabungan_aktif=tutup 45.3% rusak 0.43%
2026-08-03T14:03Z	stemmer	riset C: ketangguhan pemenggal imbuhan	lema=49708 | titik_tetap=32742 (65.9%) | turunan_sah=16945 (34.1%) | salah_lucut=21 (0.0%) | tak_idempoten=0 (0.00%) | crash_bermusuhan=0
2026-08-03T14:04Z	stemmer	riset C: salah-lucut yang berakibat	lema=49708 | titik_tetap=32742 (65.9%) | turunan_sah=16945 (34.1%) | salah_lucut=21 (0.0%) | tak_idempoten=0 (0.00%) | salah_terima=437/20000 (2.19%) | crash_bermusuhan=0
2026-08-03T14:25Z	stemmer	riset-C atribusi jalur, populasi penuh	lema=49708 | titik_tetap=32742 (65.9%) | turunan_sah=16945 (34.1%) | salah_lucut=21 (0.0%) | tak_idempoten=0 (0.00%) | salah_terima=819/20000 (4.09%) | jalur_tabrakan=383 (1.92%) | jalur_klitik=4 (0.02%) | jalur_pemenggal=432 (2.16%) | crash_bermusuhan=0
2026-08-03T14:25Z	stemmer	riset-C atribusi jalur, populasi penuh	lema=49708 | titik_tetap=32742 (65.9%) | turunan_sah=16945 (34.1%) | salah_lucut=21 (0.0%) | tak_idempoten=0 (0.00%) | salah_terima=819/20000 (4.09%) | jalur_tabrakan=383 (1.92%) | jalur_klitik=4 (0.02%) | jalur_pemenggal=432 (2.16%) | crash_bermusuhan=0
2026-08-03T14:25Z	stemmer	-	lema=49708 | titik_tetap=32742 (65.9%) | turunan_sah=16945 (34.1%) | salah_lucut=21 (0.0%) | tak_idempoten=0 (0.00%) | salah_terima=819/20000 (4.09%) | jalur_tabrakan=383 (1.92%) | jalur_klitik=4 (0.02%) | jalur_pemenggal=432 (2.16%) | crash_bermusuhan=0
2026-08-04T08:59Z	lintas_bahasa	-	id_kamus=46449 | en_kamus=46449 | id_tabrakan=796/46449 (1.71%) | en_tabrakan=308/46449 (0.66%) | selisih_poin=-1.05
2026-08-04T08:59Z	lintas_bahasa	riset-C populasi penuh tanpa tutup 20k	id_kamus=46449 | en_kamus=46449 | id_tabrakan=796/46449 (1.71%) | en_tabrakan=308/46449 (0.66%) | selisih_poin=-1.05
2026-08-04T08:59Z	stemmer	riset-C populasi penuh tanpa tutup 20k	lema=49708 | titik_tetap=32742 (65.9%) | turunan_sah=16945 (34.1%) | salah_lucut=21 (0.0%) | tak_idempoten=0 (0.00%) | salah_terima=2301/46449 (4.95%) | jalur_tabrakan=796 (1.71%) | jalur_klitik=19 (0.04%) | jalur_pemenggal=1486 (3.20%) | crash_bermusuhan=0
2026-08-07T08:09Z	lema_baru	task-35: 8 lema baru masuk leksikon	dasar=8/9 | berimbuhan=2/4
2026-08-07T08:11Z	lema_baru	task-35: 8 lema baru masuk leksikon	dasar=8/8 | berimbuhan=2/4
2026-08-07T08:12Z	fp	task-35: 8 lema baru (congkel,distro,instal,jagad,literatur,milis,problematika,ribet)	fp_total=0 | per_1k=0.00 | per_rule=- | crash=0 | kata=2430 | lexicon=72616
2026-08-07T08:12Z	recall	task-35: 8 lema baru	recall=78/80 (97.5%) | saran=78/78 (100.0%) | miss=2 | saran_salah=0 | over_flag=2 | lexicon=72616 | onnx=ready
2026-08-07T08:13Z	lema_baru	task-35: 8 lema baru masuk leksikon	dasar=8/8 | berimbuhan=2/4 | temuan_selesai=20 | temuan_tersisa=6
2026-08-07T08:46Z	lema_baru	task-35: diagnosis hibrida	dasar=8/8 | berimbuhan=2/4 | temuan_selesai=20 | temuan_tersisa=6
2026-08-07T15:46Z	sinyal_asing	task-35: calon kosakata komputasi modern, 157 kata	populasi=905 wild-typo, 3000 korupsi | bentuk_ortografis=tutup 45.4% rusak 19.87% | kamus_inggris_min5=tutup 24.5% rusak 0.43% | daftar_korpus=tutup 42.0% rusak 0.03% | gabungan_aktif=tutup 45.3% rusak 0.43% | kosakata_modern=tutup 0.1% rusak 0.00% | gabungan_plus_modern=tutup 45.4% rusak 0.43%
2026-08-07T15:48Z	sinyal_asing	task-35: kosakata modern, korupsi diperbanyak jadi populasi penuh	populasi=905 wild-typo, 46457 korupsi | bentuk_ortografis=tutup 45.4% rusak 20.28% | kamus_inggris_min5=tutup 24.5% rusak 0.33% | daftar_korpus=tutup 42.0% rusak 0.01% | gabungan_aktif=tutup 45.3% rusak 0.33% | kosakata_modern=tutup 0.1% rusak 0.00% | gabungan_plus_modern=tutup 45.4% rusak 0.33%
2026-08-07T15:49Z	fp	task-35: kosakata modern dipasang + cpanel homograf	fp_total=0 | per_1k=0.00 | per_rule=- | crash=0 | kata=2430 | lexicon=72616
2026-08-07T15:49Z	recall	task-35: kosakata modern dipasang + cpanel homograf	recall=78/80 (97.5%) | saran=78/78 (100.0%) | miss=2 | saran_salah=0 | over_flag=2 | lexicon=72616 | onnx=ready
2026-08-08T09:24Z	lema_baru	task-35: intisari masuk leksikon	dasar=9/9 | berimbuhan=2/4 | temuan_selesai=29 | temuan_tersisa=6
2026-08-08T09:25Z	lema_baru	task-35: intisari masuk leksikon	dasar=9/9 | berimbuhan=2/4 | temuan_selesai=29 | temuan_tersisa=6
2026-08-08T09:25Z	fp	task-35: intisari	fp_total=0 | per_1k=0.00 | per_rule=- | crash=0 | kata=2430 | lexicon=72617
2026-08-08T09:25Z	recall	task-35: intisari	recall=78/80 (97.5%) | saran=78/78 (100.0%) | miss=2 | saran_salah=0 | over_flag=2 | lexicon=72617 | onnx=ready
2026-08-08T14:48Z	lema_baru	-	dasar=9/9 | berimbuhan=2/4 | temuan_selesai=29 | temuan_tersisa=6
2026-08-08T15:19Z	kamus_pemenggal	riset-21 koreksi: dua kegagalan berlawanan arah	kamus=29932 | akar_meragukan=628 (68 <=4 huruf) | over_ke_meragukan=20 | over_bukan_kata=0 | kandidat_buntu=2142
2026-08-09T07:14Z	lema_baru	-	dasar=9/9 | berimbuhan=2/4 | temuan_selesai=29 | temuan_tersisa=6
2026-08-09T07:16Z	lema_baru	-	dasar=9/9 | berimbuhan=2/4 | temuan_selesai=29 | temuan_tersisa=6
2026-08-09T07:18Z	lema_baru	-	dasar=9/9 | berimbuhan=2/4 | temuan_selesai=29 | temuan_tersisa=6
