lema,definisi_kamus,definisi_tambahan,jumlah_makna,kunci,jumlah_kunci,kunci_asal
akeh,"Akeh merujuk pada jumlah yang banyak atau besar, sering digunakan dalam konteks informal atau slang di wilayah Jawa untuk menyatakan sesuatu dalam kuantitas yang lebih besar dari biasanya.",,1,banyak | melimpah | berlimpah | banyak sekali,4,mesin
Anggitan,"Karangan, tulisan, atau hasil cipta seseorang; berasal dari tradisi sastra Jawa dan merujuk pada sebuah *karya tulis* yang disusun atau dikarang, setara dengan kata umum ""karangan"" atau ""tulisan"" dalam bahasa Indonesia sehari-hari.",,1,karangan | tulisan | karya tulis | hasil cipta | gubahan,5,mesin
bajigur,"Bajigur adalah plesetan yang lebih halus untuk umpatan kasar ""Bajingan"". Biasanya diucapkan oleh orang yang terbiasa berbahasa Jawa.","Nomina yang menyebut minuman tradisional panas berbahan santan, gula aren, dan jahe. Berasal dari daerah Sunda, tetapi lazim dikenal dan dijajakan pula di wilayah Jawa, biasanya disajikan pada malam hari atau saat cuaca dingin.",2,bajingan | makian halus | keparat | minuman tradisional | minuman santan,5,mesin
Balung,"Kata dalam bahasa Jawa yang merujuk pada ""tulang"", yaitu jaringan keras yang membentuk kerangka tubuh makhluk hidup, baik manusia maupun hewan.",,1,tulang | kerangka,2,mesin
bantet,"Kata dalam bahasa Jawa yang berarti tumbuh tidak sempurna, kerdil, atau terhambat pertumbuhannya, baik secara fisik maupun perkembangan.",,1,kerdil | tidak sempurna | terhambat | tidak berkembang | tumbuh kerdil | pendek | gemuk,7,mesin
Bedat,"Kondisi suatu benda yang mengalami kerusakan berupa *robek*, *bocor*, atau *retak* akibat tekanan berlebih, kelebihan beban muatan, atau benturan fisik seperti jatuh.",,1,robek | bocor | retak | sobek,4,mesin
Bisane,"Bentuk informal dan dialektal dari kata `bisanya` dalam bahasa Jawa-Indonesia, yang merujuk pada *kemampuan* atau hal yang lazim dilakukan oleh seseorang, sering kali dengan nuansa keterbatasan atau sindiran bahwa seseorang hanya mampu melakukan hal tertentu saja.","Dalam ragam percakapan Jawa, dipakai di awal kalimat untuk menyatakan keheranan atau menuntut penjelasan atas sesuatu yang dianggap ganjil, setara dengan ""kok bisa"" atau ""bagaimana bisa"" dalam bahasa Indonesia. Contoh pemakaiannya *bisane kok ngono* 'kok bisa begitu'.",2,bisanya | kemampuan | hanya bisa | sanggupnya | kok bisa | bagaimana bisa,6,mesin
Blumbang,"Wadah air berukuran besar yang biasanya berupa galian tanah untuk memelihara ikan atau menampung air. Istilah ini sering merujuk pada ""kolam"" tradisional atau kubangan air yang luas di area pedesaan.",,1,kolam | kubangan | empang | kolam ikan,4,mesin
Bolo,"Teman atau sahabat dalam ragam percakapan Jawa Tengah, khususnya dialek Semarang. Kata ini berfungsi sebagai sebutan *akrab* untuk menandai kedekatan atau sebagai ungkapan penegasan loyalitas antara penutur dan lawan bicara. Bentuk kepunyaan umum muncul sebagai ""boloku"", ""bolomu"", atau ""bolone"".","Kumpulan orang yang berpihak, mengikuti, atau mendukung seseorang; kelompok atau golongan. Merupakan lafal setempat dari bentuk baku ""bala"", seperti pada *balane sapa* 'pengikut siapa'. | Nomina yang mengacu pada pasukan atau laskar, yakni sekumpulan orang bersenjata yang berada di bawah satu pimpinan. Makna ini tampak jelas pada gabungan kata ""bala tentara"".",3,teman | sahabat | kawan | kelompok | pengikut | pendukung | pasukan,7,mesin
Bondho,"Bondho merujuk pada modal, harta, atau bekal. Kata ini sering digunakan dalam konteks kekayaan material atau sumber daya yang dimiliki.",,1,modal | harta | bekal | kekayaan,4,mesin
Bongko,"Adjektiva dalam bahasa Jawa Ngoko yang menyatakan kondisi *sangat lelah* sekaligus *sangat kesal* atau frustrasi yang mendalam, sering diucapkan dalam nada emosional atau marah akibat perilaku seseorang maupun situasi yang menjengkelkan.","Nomina yang menyebut penganan tradisional Jawa, umumnya berbahan santan dan dibungkus daun pisang lalu dikukus. Dikenal dalam beberapa jenis, antara lain bongko kopyor dari Gresik dan bongko mento.",2,sangat lelah | capek | kesal | frustrasi | jengkel | penganan | makanan tradisional | daun pisang | dikukus,9,penutur
Briwut,"Kondisi penglihatan atau pandangan yang ""tidak jelas"", ""kabur"", atau ""buram"", sering diakibatkan oleh gangguan pada mata atau objek yang menghalangi. Dapat juga merujuk pada kondisi mental yang tidak fokus atau bingung.",,1,kabur | buram | tidak jelas | bingung | tidak fokus,5,mesin
Carane,"Cara atau ""metode"" yang digunakan seseorang dalam melakukan sesuatu, merupakan bentuk informal dari ""caranya"" yang berasal dari kata dasar `cara` dengan penambahan sufiks `-ne` (nyèn) dalam dialek Jawa, menghasilkan makna ""caranya"" atau ""cara-caranya"".",,1,caranya | cara | metode,3,mesin
Celuk,"Kata kerja dalam bahasa Jawa yang berarti *memanggil* seseorang, baik secara langsung maupun dari jarak tertentu. Bentuk pasifnya `diceluk` berarti ""dipanggil"" oleh orang lain.",,1,memanggil | panggil | dipanggil,3,mesin
Cempe,"Anak kambing yang masih sangat muda, biasanya berusia beberapa hari hingga beberapa minggu, dan belum disapih dari induknya. Kata ini merupakan istilah khas dalam kosakata bahasa Jawa yang digunakan untuk merujuk pada ""kambing muda"" atau ""anak kambing"" dalam konteks peternakan tradisional.",,1,anak kambing | kambing muda,2,mesin
Cetho,"Adjektiva dalam bahasa Jawa yang berarti *terang*, gamblang, dan mudah dipahami. Merujuk pada kondisi sesuatu yang disampaikan atau terlihat dengan ""jelas"" tanpa keraguan atau ambiguitas.",,1,jelas | terang | gamblang | nyata,4,mesin
Cilik,"Kata sifat yang berarti ""kecil"" dalam ukuran, dimensi, atau jumlah. Merupakan bentuk informal atau kolokial dari kata baku ""kecil"" yang umum digunakan dalam bahasa Jawa dan konteks percakapan sehari-hari.",,1,kecil | mungil,2,mesin
Crigis,"Sifat seseorang yang *banyak bicara*, suka mengomel, atau cerewet secara berlebihan. Kata ini digunakan untuk menggambarkan perilaku ""cerewet"" yang cenderung menjengkelkan atau tidak bisa diam.",,1,cerewet | banyak bicara | bawel | mengomel,4,mesin
Dalem,"Kata afirmatif dalam bahasa Jawa *halus* (Krama) yang digunakan sebagai respons untuk mengiyakan panggilan atau perintah, setara dengan ""iya"" atau ""ya"" dalam bahasa Indonesia.  Diucapkan terutama kepada orang yang lebih tua, namun juga lazim digunakan antar teman sebaya dalam konteks sopan.","Kata ganti orang pertama tunggal dalam bahasa Jawa halus (Krama), setara dengan ""saya"" dalam bahasa Indonesia. Digunakan penutur untuk merendahkan diri di hadapan orang yang dihormati, misalnya pada *dalem badhe tindak* 'saya hendak pergi'. | Nomina dalam bahasa Jawa halus (Krama) yang berarti rumah atau kediaman, khususnya tempat tinggal orang yang dihormati atau kalangan bangsawan. Muncul antara lain pada sebutan *dalem ageng* untuk bangunan utama kediaman.",3,iya | ya | saya | rumah | kediaman,5,mesin
Dateng,"Kata depan yang berfungsi untuk menunjukkan ""tujuan"" atau arah pergerakan ke suatu tempat atau kepada seseorang.","Verba dalam bahasa Jawa halus (Krama), bentuk baku ""dhateng"", yang menyatakan perbuatan datang atau tiba di suatu tempat. Padanan Ngoko-nya ""teka"", seperti pada *sampun dhateng* 'sudah datang'.",2,ke | kepada | menuju | datang | tiba,5,mesin
Dong opo ora,"Ungkapan tanya dalam bahasa Jawa yang berarti *""Paham tidak?""* atau *""Mengerti tidak?""*, digunakan untuk memastikan pemahaman lawan bicara setelah suatu penjelasan atau pernyataan disampaikan. Ungkapan ini dapat bersifat netral maupun mengandung tekanan emosional, tergantung konteks dan intonasi penuturnya.",,1,paham tidak | mengerti tidak | paham | mengerti | bisa atau tidak,5,penutur
Dudu,"Kata ""negasi"" yang digunakan dalam bahasa Jawa untuk menyangkal nomina, frasa nominal, atau predikat yang bersifat nominal.",,1,bukan,1,mesin
Embuh,"Kata seru dalam bahasa Jawa yang menyatakan *ketidaktahuan* atau ketidakmengertian pembicara terhadap suatu hal, situasi, atau pertanyaan. Setara dengan ""tidak tahu"" dalam bahasa Indonesia.",,1,tidak tahu | entah | entahlah | tidak mengerti,4,mesin
Endog,"Kata dalam bahasa Jawa Ngoko yang merujuk pada ""telur"", yaitu benda bulat yang dihasilkan oleh hewan betina, terutama unggas seperti ayam, bebek, atau burung, yang mengandung bakal anak atau dimanfaatkan sebagai bahan pangan.",,1,telur,1,mesin
Entek,"Kata dalam bahasa Jawa yang bermakna *habis*, *tandas*, atau tidak tersisa sama sekali. Digunakan untuk menyatakan kondisi suatu benda, bahan, atau sumber daya yang telah *sepenuhnya* terkuras atau tidak ada lagi.",,1,habis | tandas | ludes | tidak tersisa,4,mesin
Gangsal,"Bilangan asli yang bernilai *lima* dalam sistem numerasi bahasa Jawa, digunakan dalam konteks percakapan sehari-hari maupun tradisi budaya Jawa.",,1,lima,1,mesin
Geger,"Bagian tubuh manusia atau hewan yang terletak pada sisi posterior atau belakang, membentang dari leher hingga pinggang. Istilah ""geger"" merupakan bentuk kosakata dalam bahasa Jawa yang mengacu pada struktur anatomi ""punggung"".","Keadaan huru-hara: keributan, kegemparan, atau kerusuhan yang membuat banyak orang gaduh dan panik. Dipakai baik untuk peristiwa sehari-hari, seperti *desane geger* 'desanya heboh', maupun untuk peristiwa sejarah seperti Geger Pacinan.",2,punggung | belakang | heboh | ribut | gempar | kerusuhan | keributan,7,mesin
Gentho,"Gentho merujuk pada individu yang memiliki reputasi sebagai pembuat onar, sering terlibat dalam tindakan kekerasan, atau merupakan anggota kelompok berandalan. Istilah ini sering digunakan untuk menggambarkan preman atau tukang berkelahi.",,1,preman | berandal | pembuat onar | tukang berkelahi,4,mesin
Graji,"Alat pemotong berupa bilah logam bergigi tajam yang digunakan untuk membelah atau memotong benda keras seperti kayu, besi, atau bahan bangunan lainnya. Merupakan bentuk dialek Jawa dari kata ""gergaji"" dalam bahasa Indonesia standar.",,1,gergaji,1,mesin
Iki,"Kata tunjuk untuk sesuatu yang dekat dengan pembicara atau merujuk pada hal yang sedang dibahas, setara dengan kata ""ini"" dalam bahasa Indonesia.",,1,ini,1,mesin
Inggil,"Kata ""inggil"" dalam konteks bahasa Jawa merujuk pada tingkat tertinggi dalam sistem kesopanan bahasa Jawa, yang disebut ""krama inggil"", digunakan untuk menunjukkan *penghormatan* yang sangat tinggi kepada lawan bicara atau orang yang dibicarakan.","Kata sifat dalam bahasa Jawa yang berarti tinggi atau berada di sebelah atas, dipakai untuk menyatakan letak maupun ukuran sesuatu yang menjulang dari permukaan atau dari benda lain di bawahnya. | Secara kiasan menyatakan kedudukan atau martabat yang tinggi dan luhur, yaitu tingkat tertinggi dalam suatu susunan derajat, seperti terlihat pada pemakaiannya untuk menyebut lapisan tutur paling halus.",3,tinggi | luhur | atas | tingkat tertinggi | penghormatan,5,mesin
Isuk,Satuan waktu yang merujuk pada masa awal hari atau periode setelah matahari terbit hingga menjelang siang hari.,,1,pagi | pagi hari | waktu pagi,3,mesin
Jalaran,"Sebuah kata penghubung atau *konjungsi kausalitas* yang berfungsi untuk menunjukkan alasan, penyebab, atau titik awal terjadinya suatu peristiwa. Kata ini secara langsung menghubungkan situasi akibat dengan sumber pemicunya, bermakna serupa dengan ""karena"" atau ""sebab"".",,1,karena | sebab | lantaran | alasan | penyebab,5,mesin
Janganan,"Kata dalam bahasa Jawa Ngoko yang merujuk pada ""sayuran"" atau segala jenis tumbuhan yang digunakan sebagai bahan masakan, mencakup berbagai jenis `janganan` seperti bayam, kangkung, kacang panjang, dan sejenisnya. Istilah ini lazim digunakan di wilayah Jawa Tengah, khususnya di daerah Semarang, Demak, dan sekitarnya.",,1,sayuran | sayur | sayur-mayur | sayur mayur,4,mesin
Jeblos,"Kata kerja yang berarti ""terperosok"" atau ""jatuh"" ke dalam lubang, celah, atau tempat yang lebih rendah secara tidak sengaja.",,1,terperosok | jatuh | terjerumus | masuk,4,mesin
Jeglongan,"Istilah untuk `lubang` atau `cekungan` di permukaan tanah atau jalan yang disebabkan oleh erosi, kerusakan, atau faktor alam lainnya. Istilah ini sering kali merujuk pada kondisi jalan yang *rusak* dan berpotensi membahayakan.",,1,lubang | cekungan | lubang jalan | jalan berlubang,4,mesin
Kae,"Kata ganti penunjuk atau demonstrativa untuk benda, orang, atau keadaan yang letaknya ""jauh"" dari pembicara maupun lawan bicara. Dalam bahasa Indonesia bisa diartikan dengan ""Itu"".",,1,itu | itu di sana | yang jauh,3,mesin
Kajeng,"Kata benda dalam bahasa Jawa ragam `Krama` yang bermakna *keinginan*, maksud, atau kehendak seseorang; merupakan padanan halus dari kata Ngoko `karep`. Digunakan dalam konteks tutur formal atau sopan, khususnya ketika berbicara kepada orang yang lebih tua, lebih tinggi derajatnya, atau yang dihormati.","Kata benda dalam bahasa Jawa ragam `Krama` yang bermakna kayu, yaitu bagian keras batang pohon yang dipakai sebagai bahan bangunan, perkakas, atau kayu bakar; merupakan padanan halus dari kata Ngoko `kayu`.",2,keinginan | maksud | kehendak | niat | kayu,5,mesin
Kawulo,"Kata dalam bahasa Jawa Krama yang merujuk pada ""rakyat jelata"" atau hamba; menggambarkan lapisan masyarakat bawah yang tunduk dan patuh kepada penguasa atau raja.","Kata ganti orang pertama dalam bahasa Jawa Krama yang dipakai penutur untuk merendahkan diri di hadapan lawan bicara yang dihormati, sepadan dengan ""saya"" atau ""hamba sahaya""; lazim muncul dalam ungkapan seperti `kawula nuwun`.",2,rakyat | hamba | abdi | rakyat jelata | saya,5,mesin
Kaya dene,"Ungkapan yang berfungsi sebagai ""perumpamaan"" untuk menyatakan keserupaan antara dua hal atau kondisi, setara dengan makna ""seperti halnya"" atau ""ibaratnya"".",,1,seperti | seperti halnya | ibarat | bagaikan,4,mesin
Kebluk,"Kondisi tidur yang *sangat nyenyak* dan lelap, seolah-olah tubuh jatuh atau tenggelam sepenuhnya ke dalam tidur yang dalam. Kata ""kebluk"" menggambarkan kualitas tidur yang berat dan tidak mudah terbangun, sering dipakai untuk melukiskan seseorang yang tidur seperti tidak sadarkan diri.","Sifat orang yang gemar tidur dan sukar dibangunkan, yang menghabiskan banyak waktu untuk tidur sehingga kerap dianggap malas; sepadan dengan sebutan ""tukang tidur"" dalam bahasa Indonesia.",2,tidur nyenyak | lelap | tidur pulas | tidur berat | suka tidur | tukang tidur,6,mesin
Keluk,"Keluk merujuk pada kondisi asap tebal yang membumbung tinggi, biasanya berasal dari dapur atau tempat pembakaran. Dalam bahasa Jawa, istilah ini menggambarkan fenomena visual asap yang pekat dan melimpah, sering diucapkan dengan nada informal dalam percakapan sehari-hari.",,1,asap | asap tebal | kepulan asap,3,mesin
Kepethuk,"Kata kerja dalam bahasa Jawa yang berarti bertemu atau berjumpa dengan seseorang secara tidak sengaja; setara dengan kata `kepethuk` dalam ragam Ngoko, yang dalam bahasa Indonesia sehari-hari dikenal sebagai ""ketemu"" atau ""berpapasan"" secara kebetulan.",,1,bertemu | berjumpa | berpapasan | ketemu,4,mesin
Keplongor,"Kondisi *sangat haus*; rasa haus yang intens sehingga mendorong kebutuhan segera untuk minum. Istilah ""Keplongor"" digunakan dalam ragam nonformal bahasa Jawa, terutama di wilayah Jawa Tengah.",,1,haus | sangat haus | kehausan,3,mesin
Kiwa,"Kata keterangan posisi atau arah yang merujuk pada sisi tubuh yang berlawanan dengan kanan. Dalam tingkatan bahasa *Ngoko*, istilah ini digunakan untuk menunjukkan letak geografis, orientasi spasial, atau bagian tubuh manusia yang berada di sebelah kiri. Dibaca ""Kiwo"".",,1,kiri | sebelah kiri | sisi kiri,3,mesin
Koen,"Kata ganti orang kedua dalam dialek Jawa Timuran (Suroboyoan), yang berarti *kamu* atau *kalian*, digunakan dalam ragam `ngoko` yang bersifat akrab atau setara secara sosial.",,1,kamu | kalian | engkau | kau,4,mesin
Kowe,"Kata ganti orang kedua tunggal dalam ragam bahasa Jawa ""ngoko"", digunakan untuk menyapa atau merujuk kepada lawan bicara yang memiliki hubungan akrab, sebaya, atau *lebih rendah* dalam hierarki sosial.",,1,kamu | engkau | kau | anda,4,mesin
Kula,"Kata ganti orang pertama tunggal dalam ragam bahasa Jawa ""krama"" (tingkat tutur halus), digunakan oleh penutur untuk merujuk pada diri sendiri secara sopan dan hormat kepada lawan bicara yang lebih tua atau memiliki kedudukan lebih tinggi.",,1,saya | aku | hamba,3,mesin
Kulon,"Kata penunjuk arah ""barat"" dalam sistem koordinat bahasa Jawa yang merujuk pada posisi matahari terbenam.",,1,barat | arah barat | sebelah barat,3,mesin
Kupat,"Bentuk dialek bahasa Jawa untuk menyebut ""ketupat"", yaitu makanan tradisional berbahan beras yang dibungkus dengan anyaman daun kelapa muda dan dimasak hingga padat. Pelafalan `kupat` lebih mudah diucapkan oleh penutur Jawa karena penyesuaian fonetis terhadap bunyi vokal.",,1,ketupat,1,mesin
Lanang,"Kata dalam bahasa Jawa yang merujuk pada jenis kelamin atau individu berjenis kelamin ""laki-laki""; digunakan dalam ragam Ngoko sebagai padanan informal dari kata `kakung` (Krama) atau `laki-laki` dalam bahasa Indonesia.",,1,laki-laki | lelaki | pria | jantan,4,mesin
lhais,"Ungkapan khas Jawa Tengah dan Semarang yang menyatakan peringatan atau teguran dengan nuansa panik atau kekhawatiran terhadap konsekuensi suatu tindakan, setara dengan 'hayolo' atau 'awas nanti'.",,1,hayolo | hayo lho | awas nanti | peringatan | teguran,5,mesin
Likur,"Sufiks numeralia dalam bahasa Jawa yang digunakan sebagai ""akhiran puluhan"" untuk menyatakan bilangan dua puluh satu hingga dua puluh sembilan, dengan cara menggabungkan angka satuan di depannya.",,1,dua puluh | dua puluhan | angka dua puluhan | 21,4,mesin
Londo ireng,"Ungkapan pejoratif dalam tradisi lisan Jawa yang merujuk pada *pribumi* yang bertindak sebagai antek, kaki tangan, atau kolaborator kekuatan asing, khususnya pemerintah kolonial Belanda. Secara harfiah berarti ""Belanda hitam"", ungkapan ini menyindir orang asli yang mengadopsi perilaku, loyalitas, dan cara pandang penguasa asing demi kepentingan pribadi, sehingga dianggap telah mengkhianati kelompok bangsanya sendiri.",,1,antek | kaki tangan | kolaborator | pengkhianat | belanda hitam,5,mesin
Luwes,"Sifat yang menunjukkan kemudahan dalam menyesuaikan diri, kelenturan gerak, atau kehalusan budi pekerti yang tidak kaku.","Sifat orang yang pandai bergaul dan mudah diterima dalam pergaulan, luwes membawa diri dalam berbicara maupun bersikap terhadap siapa saja.",2,lentur | fleksibel | supel | gemulai | tidak kaku | mudah menyesuaikan diri | pandai bergaul,7,mesin
Mbanyol,"Bercanda atau melucu, sering bernada ringan dan *receh*; kata kerja turunan dari `banyol` yang terbentuk dengan prefiks `m-`, umum dalam ragam ""ngoko"" Jawa.",,1,bercanda | melucu | melawak | bergurau,4,mesin
Mbeling,"Sifat atau perilaku seseorang, khususnya anak-anak, yang *nakal*, *bandel*, atau sulit diatur. Kata ini merujuk pada sikap pembangkang terhadap nasihat atau perintah orang tua yang cenderung dilakukan dengan sengaja atau penuh tipu daya kecil.",,1,nakal | bandel | sulit diatur | pembangkang,4,mesin
mbesengut,"Ekspresi wajah atau sikap yang menunjukkan perasaan tidak senang, kesal, atau cemberut, biasanya digunakan dalam konteks percakapan informal di wilayah Jawa Tengah",,1,cemberut | merengut | masam | kesal | tidak senang,5,mesin
Mbok,"Kata sapaan atau sebutan yang digunakan untuk memanggil ""ibu"" atau wanita yang lebih tua, umumnya ditemukan dalam lingkungan masyarakat pedesaan Jawa.","Partikel penanda permintaan atau anjuran yang melunakkan suruhan, lazim diletakkan di awal kalimat dan kerap berpasangan menjadi ""mbok ya"". Dalam bahasa Indonesia arti ini sepadan dengan ""sebaiknya"" atau ""hendaknya"".",2,ibu | emak | mak | wanita tua | sebaiknya | hendaknya,6,mesin
Mboten,"Kata keterangan penolakan atau negasi dalam tingkatan bahasa *Krama* yang berarti ""tidak"". Kata ini berfungsi untuk menyangkal suatu pernyataan, keadaan, atau tindakan dengan nuansa santun dan hormat kepada lawan bicara. Merupakan bentuk formal dari kata `ora` dalam tatanan linguistik Jawa.",,1,tidak | bukan | tak,3,mesin
Meh,"Kata keterangan yang menunjukkan *kondisi hampir terjadi* atau *mendekati suatu keadaan*, biasanya digunakan dalam konteks percakapan informal",,1,hampir | nyaris | mendekati,3,mesin
Mekaten,"Kata keterangan yang menunjukkan keadaan atau cara yang berarti ""demikian"" atau ""begitu"" dalam tingkatan bahasa Jawa yang paling halus.",,1,demikian | begitu | seperti itu,3,mesin
Mendoan,"Panganan khas dari wilayah Banyumas, Jawa Tengah, berupa tempe yang diiris tipis, dibalut adonan tepung berbumbu, kemudian digoreng sebentar hingga ""setengah matang"".",,1,tempe goreng | gorengan tempe | tempe tepung | gorengan | sayuran,5,penutur
Meneh,"Kata keterangan dalam dialek Jawa yang bermakna *lagi* atau *kembali*, digunakan untuk menyatakan pengulangan suatu tindakan atau keadaan yang terjadi sekali lagi.",,1,lagi | kembali | sekali lagi,3,mesin
Menungso,"Bentuk dialek Jawa dari kata `menungso` yang berasal dari bahasa Jawa Ngoko, bermakna *manusia* atau *orang*, digunakan dalam percakapan sehari-hari terutama di wilayah Jawa Tengah dan Jawa Timur sebagai padanan informal dari kata ""manusia"" dalam Bahasa Indonesia.",,1,manusia | orang,2,mesin
Mrene,"Kata keterangan yang menunjukkan arah atau tujuan ke tempat pembicara berada, yang secara harfiah berarti ""ke sini"".",,1,ke sini | kemari | ke tempat ini,3,mesin
Mripate,"Bagian tubuh yang berfungsi sebagai indra penglihatan milik seseorang atau sesuatu yang telah disebutkan sebelumnya. Istilah ini merujuk pada ""matanya"" dalam konteks bahasa Jawa.",,1,matanya | mata | indra penglihatan,3,mesin
Muwah-muwuh,"Keadaan yang *sangat berlimpah*, berlebih-lebihan, atau melampaui batas kewajaran dalam jumlah maupun kadar; digunakan untuk menggambarkan kelimpahan yang mencolok, baik dalam hal harta, pakaian, makanan, maupun aspek kehidupan lainnya.",,1,berlimpah | melimpah | berlebihan | melampaui batas | terus bertambah | semakin banyak,6,penutur
Namung,"Kata pembatas yang menyatakan bahwa sesuatu tidak lebih dari jumlah, kondisi, atau hal yang disebutkan. Berasal dari kosakata bahasa Jawa yang bermakna *eksklusif*, membatasi ruang lingkup suatu pernyataan menjadi satu pilihan atau kondisi tunggal saja.",,1,hanya | cuma | saja | sekadar,4,mesin
Nanging,"Kata sambung yang digunakan untuk menunjukkan perlawanan atau perbedaan dalam konteks percakapan Jawa, berfungsi sebagai pengganti 'namun' atau 'akan tetapi' dalam bahasa Indonesia formal. Dalam bentuk 'ngoko lugu' atau 'ngoko alus', kata ini menunjukkan nada yang santai namun tetap menjaga kesopanan.",,1,tetapi | namun | akan tetapi,3,mesin
Ndrawasi,"Kondisi perasaan *merinding*, takut secara intens, atau diliputi rasa ngeri yang mendalam ketika menghadapi sesuatu yang menyeramkan, berbahaya, atau menegangkan. Sensasi ini bersifat fisik sekaligus emosional, sering kali memicu bulu kuduk berdiri dan perasaan `drawasi` yang sulit dikendalikan.","Kata kerja yang bermakna membahayakan atau mendatangkan celaka, dipakai untuk keadaan maupun perbuatan yang dapat menimbulkan bencana bagi orang lain. Bentuk ini diturunkan dari ""drawasi"" yang berarti bahaya atau celaka.",2,merinding | ngeri | takut | seram | membahayakan | berbahaya | mencelakakan | mendatangkan celaka | gegabah,9,penutur
Nduwur,"Menunjukkan posisi atau letak suatu benda yang berada pada ketinggian atau tempat yang lebih tegak dibandingkan titik referensi utama. Dalam konteks abstrak, istilah ini merujuk pada tingkatan, derajat, atau status sosial yang lebih mulia dan terhormat.",,1,atas | di atas | tinggi | lebih tinggi,4,mesin
Nedha,Nedha adalah istilah bahasa Jawa Kromo Madya yang berarti makan. Kata ini merupakan bentuk halus dari 'mangan' dalam bahasa Jawa ngoko dan digunakan dalam konteks percakapan yang lebih formal atau menghormati lawan bicara.,,1,makan | menyantap | bersantap,3,mesin
Ngarit,"Aktivitas *mencari dan memotong rumput* di ladang atau tepi jalan sebagai pakan ternak, khususnya sapi, kerbau, atau kambing, yang dilakukan oleh masyarakat pedesaan Jawa.",,1,mencari rumput | memotong rumput | menyabit rumput | merumput,4,mesin
Ngebaki,"Kata kerja ""ngebaki"" merupakan bentuk tidak baku yang berarti ""memenuhi"" atau ""mengisi"" suatu ruang hingga menjadi penuh.",,1,memenuhi | mengisi | memadati,3,mesin
Ngecembeng,"Kondisi air yang *menggenang* atau tergenang di suatu permukaan, biasanya setelah hujan turun. Kata ini merupakan bentuk verba aktif dalam ragam `ngoko` bahasa Jawa yang menggambarkan proses atau keadaan air yang tidak mengalir dan membentuk ""genangan"" di atas tanah atau permukaan datar.",,1,menggenang | tergenang | genangan air | air tidak mengalir,4,mesin
Ngelih,"Kondisi fisik yang ditandai dengan rasa ""sangat lapar"" atau ""perut yang kosong dan membutuhkan makanan"". Istilah ini umum digunakan dalam dialek Jawa untuk mengekspresikan kelaparan dengan cara yang lebih ekspresif dan emosional dibandingkan kata ""lapar"" standar.",,1,lapar | kelaparan | perut kosong,3,mesin
nggapleki,"Nggapleki adalah Perasaan dongkol, jengkel, kesel campur merasa dirugikan atau dipermainkan. Biasanya muncul setelah sadar telah ditipu, dikelabuhi, atau diperlakukan tidak adil. Ini biasanya dituturkan pada bahasa Jawa Semarangan.",,1,dongkol | jengkel | kesal | menyebalkan | merasa dipermainkan,5,mesin
Nggawe,"Melakukan suatu tindakan untuk menghasilkan atau menciptakan sesuatu, merupakan bentuk verba yang menyatakan proses ""membuat"" dalam konteks bahasa Jawa informal.",,1,membuat | menciptakan | menghasilkan | mengerjakan,4,mesin
nggeh,"Kata sapaan atau persetujuan dalam bahasa Jawa Krama (tingkat tutur hormat) yang berarti 'ya' atau 'iya'. Digunakan untuk menunjukkan kesopanan dan penghormatan kepada orang yang lebih tua, atasan, atau dalam situasi formal. Ekuivalen dengan 'inggih' dalam ragam Jawa halus, mencerminkan tata krama dan hierarki sosial dalam budaya Jawa.",,1,ya | iya | setuju,3,mesin
Nggoser,"Kondisi di mana ban kendaraan kehilangan traksi terhadap permukaan jalan sehingga *meleset* atau berputar tanpa kendali, umumnya terjadi saat akselerasi mendadak, pengereman keras, atau kondisi jalan licin. Dalam konteks Jawa, kata ini merujuk pada ""slip"" ban yang menyebabkan kendaraan tidak dapat bergerak maju secara efektif.",,1,selip | tergelincir | meleset | kehilangan traksi | berputar tanpa kendali,5,mesin
Nggugah,"Melakukan tindakan untuk ""membangkitkan"" atau memicu munculnya suatu perasaan, keinginan, atau kondisi tertentu dari keadaan diam atau pasif. Bisa juga berarti membangunkan seseorang dari kondisi tidur.",,1,membangkitkan | membangunkan | memicu | menggugah,4,mesin
Ngono,"Adverbia penunjuk dalam bahasa Jawa *ngoko* yang merujuk pada suatu cara, keadaan, atau perilaku yang spesifik. Kata ini berfungsi untuk menunjukkan keseragaman atau kesamaan dengan hal yang telah disebutkan atau dipahami sebelumnya dalam percakapan informal dengan makna ""begitu"" atau ""demikian"".",,1,begitu | demikian | seperti itu,3,mesin
Niku,"Kata ganti penunjuk dalam bahasa Jawa tingkatan *krama* yang digunakan untuk merujuk pada benda, keadaan, atau hal yang letaknya jauh dari pembicara namun dekat dengan lawan bicara. Kata ini berfungsi sebagai bentuk formal dari kata `kuwi` dan setara dengan kata ""itu"" dalam bahasa Indonesia.",,1,itu | hal itu,2,mesin
Ning,"Gelar sapaan atau panggilan kehormatan yang ditujukan kepada ""putri"" seorang kiai atau ulama di lingkungan pesantren.","Kata penghubung yang menyatakan pertentangan antara dua pernyataan, berupa pemendekan dari ""nanging"" dan lazim dalam ragam percakapan. Arti ini sepadan dengan ""tetapi"" atau ""namun"" dalam bahasa Indonesia.",2,putri kiai | anak perempuan kiai | gelar putri kiai | tapi | namun,5,mesin
Ningali,"Kata kerja dalam ragam ""Krama Inggil"" bahasa Jawa yang berarti *melihat* atau *menyaksikan* sesuatu; setara dengan kata `ndelok` (Ngoko) atau `ningali` sebagai bentuk penghormatan tertinggi kepada lawan bicara yang lebih tua atau lebih dihormati.",,1,melihat | menyaksikan | memandang | menonton,4,mesin
Njero,"Kata keterangan yang menunjukkan posisi atau lokasi di bagian ""dalam"" suatu ruang, benda, atau area tertutup. Kata ini berfungsi untuk menyatakan keberadaan sesuatu yang tidak tampak dari luar atau tertutup oleh batas fisik.",,1,di dalam | bagian dalam | sebelah dalam,3,mesin
Nrimo,"Merupakan falsafah Jawa legendaris yang berarti menerima keadaan atau nasib dengan ikhlas dan pasrah, tanpa mengeluh atau melawan",,1,menerima | pasrah | ikhlas | menerima nasib,4,mesin
Nyambut,"Melakukan tindakan ""meminjam"" barang atau uang dari orang lain, atau dalam konteks tertentu berarti melakukan suatu pekerjaan.",,1,meminjam | pinjam | bekerja,3,mesin
Nyandhak,"Tindakan ""mencapai"" sebuah titik, menyentuh, atau memegang suatu objek secara fisik maupun metaforis. Bisa juga diartikan memegang sesuatu.",,1,mencapai | meraih | memegang | menyentuh | menangkap,5,penutur
Og,"Og adalah partikel informal dalam bahasa Jawa yang berfungsi sebagai penekanan atau penguatan dalam kalimat, serupa dengan 'kok' dalam bahasa Indonesia.",,1,kok | penekanan | penguatan | penegasan,4,mesin
Padha,"Kata bantu aspektual dalam bahasa Jawa yang berfungsi sebagai penanda bahwa subjek jamak sedang melakukan suatu tindakan *secara bersama-sama* atau dalam waktu yang bersamaan. ""Padha"" memperkuat makna kolektif dari tindakan yang dilakukan oleh lebih dari satu pelaku.","Kata sifat yang menyatakan keadaan sama, serupa, atau tidak berbeda antara dua hal atau lebih; lazim dipakai dalam bentuk ""padha karo"" yang sepadan dengan ""sama dengan"" dalam bahasa Indonesia. | Penanda jamak yang diletakkan di depan kata kerja untuk menunjukkan bahwa seluruh pelaku melakukan tindakan tersebut, tanpa mengharuskan tindakan itu berlangsung serentak. Dalam bahasa Indonesia arti ini sepadan dengan ""semua"".",3,bersama-sama | sama-sama | serentak | berbarengan | sama | serupa | semua,7,mesin
Pancen,"Adverbia penegasan dalam bahasa Jawa Ngoko yang bermakna *sungguh*, *memang*, atau *sudah dari sananya*, digunakan untuk menegaskan kebenaran, kenyataan, atau kondisi yang tidak perlu dipertanyakan lagi.",,1,memang | sungguh | benar-benar | sudah dari sananya,4,mesin
Panggah,"Adverbia dalam ragam *ngoko* bahasa Jawa yang bermakna ""tetap"" atau ""masih"" dalam kondisi tertentu, digunakan untuk menegaskan bahwa suatu keadaan, sifat, atau peristiwa bertahan atau bahkan menguat meskipun ada faktor yang berpotensi mengubahnya.",,1,tetap | masih | bertahan | tidak berubah,4,mesin
Panjenengan,Pronomina persona kedua tunggal yang digunakan untuk merujuk pada `orang kedua` dengan tingkat *hormat* atau formalitas tinggi dalam konteja berbahasa Jawa.,,1,anda | kamu | engkau | orang kedua hormat,4,mesin
Pedhot,"Kondisi terputus atau tidak tersambung, biasanya merujuk pada suatu hubungan, koneksi, atau keadaan yang tidak lagi utuh",,1,putus | terputus | patah | tidak tersambung,4,mesin
Pewe,"Pewe adalah *kata sifat* atau *ungkapan* informal yang mendeskripsikan ""posisi tubuh yang sangat nyaman"" atau kondisi santai. Istilah ini merujuk pada situasi di mana seseorang merasa betah, rileks, dan tidak ingin mengubah posisi saat beristirahat atau melakukan aktivitas tertentu.","Akronim dari ""posisi wenak"" dalam bahasa Jawa, yaitu posisi yang enak atau nyaman; kepanjangan inilah asal-usul istilah tersebut dalam ragam percakapan sehari-hari.",2,nyaman | santai | betah | rileks | posisi enak | posisi wenak,6,mesin
Pindho,"Keterangan jumlah frekuensi yang menyatakan ""dua kali"" atau kelipatan kedua dalam urutan kejadian.",,1,dua kali | kedua kali | kelipatan kedua | kedua,4,penutur
Pirantos,"Kata benda dalam ragam `Krama` bahasa Jawa yang merujuk pada ""alat"" atau ""peralatan""; yaitu benda yang digunakan sebagai sarana atau instrumen untuk melaksanakan suatu pekerjaan atau kegiatan tertentu. Merupakan padanan *halus* dari bentuk Ngoko `piranti`.",,1,alat | peralatan | perkakas | sarana,4,mesin
Pitakon,"Kata ""pitakon"" dalam bahasa Jawa merujuk pada ""pertanyaan"" atau proses bertanya dengan nuansa halus dan sopan dalam komunikasi antarwarga Jawa.",,1,pertanyaan | soal | tanya,3,mesin
Piyambak,"Kata ini merujuk pada kondisi ""sendirian"" atau ""tidak bersama orang lain"", seringkali digunakan dalam konteks bahasa Jawa untuk menunjukkan tindakan yang dilakukan secara individu.","Bentuk krama dari ""dhewe"" yang menyatakan kepemilikan pribadi, yakni sesuatu yang menjadi milik sendiri dan bukan milik orang lain.",2,sendirian | sendiri | seorang diri | milik sendiri,4,mesin
Purun,"Kata ""purun"" merupakan bentuk ""krama"" dalam bahasa Jawa yang berarti bersedia, mau, atau berkenan melakukan sesuatu.",,1,mau | bersedia | berkenan | sudi,4,mesin
Reksa,"Kata kerja dalam bahasa Jawa yang berarti *menjaga*, melindungi, atau memelihara sesuatu dengan penuh tanggung jawab. Bentuk aktifnya adalah `ngreksa`, yang digunakan untuk menyatakan tindakan menjaga atau merawat secara langsung.",,1,menjaga | melindungi | memelihara | merawat,4,mesin
Rene,"Kata penunjuk arah dalam bahasa Jawa Ngoko yang bermakna *""ke sini""*, digunakan untuk memerintah atau mengajak seseorang agar berpindah menuju lokasi pembicara.",,1,ke sini | kemari | mendekat,3,mesin
Riyoyo,"Istilah dalam bahasa Jawa yang merujuk pada perayaan ""Idul Fitri"", yaitu hari raya umat Islam yang jatuh pada tanggal 1 Syawal setelah selesainya bulan puasa Ramadan. Kata ini digunakan secara luas di wilayah Jawa Tengah dan Jawa Timur sebagai padanan kosakata lokal untuk menyebut momen `lebaran`.",,1,idul fitri | lebaran | hari raya,3,mesin
Rontek,"Jenis ""bendera kecil"" atau panji-panji yang dipasang pada sebilah bambu atau kayu, biasanya digunakan untuk dekorasi jalan atau acara adat. Dalam konteks kiasan, istilah ini merujuk pada sesuatu yang tampak mencolok secara visual namun kurang memiliki landasan atau ""substansi"" yang kuat.",,1,bendera kecil | panji-panji | umbul-umbul | mencolok | bendera | panji,6,mesin
Sae,"Kata sifat dalam bahasa Jawa yang bermakna *bagus*, indah, atau baik dalam kualitas maupun penampilan. Digunakan untuk memuji atau mendeskripsikan sesuatu yang memiliki nilai estetika atau kualitas yang tinggi.",,1,bagus | baik | indah,3,mesin
Saged,"Kata kerja yang menyatakan ""kemampuan"" atau ""kesanggupan"" untuk melakukan sesuatu atau menandakan adanya ""kemungkinan"" dalam tingkatan bahasa Jawa Krama.",,1,bisa | mampu | dapat | sanggup,4,mesin
Sagedipun,"Bentuk nomina turunan dalam bahasa Jawa ragam `Krama Inggil`, dibentuk dari kata dasar `saged` (mampu, bisa) dengan penambahan sufiks posesif `-ipun` (milik dia/nya); bermakna *'kemampuannya'* atau *'kepandaiannya'*, merujuk pada kapasitas atau kecakapan seseorang yang diacu dalam konteks hormat.",,1,kemampuannya | kepandaiannya | kecakapannya | kemampuan | kesanggupannya | mampu | semampunya,7,mesin
Sampun,"Partikel ""sudah"" dalam bahasa Jawa yang merupakan bentuk krama (halus) dari ""wis"" dalam dialek Jawa, menandakan selesainya suatu tindakan atau peristiwa.","Partikel larangan dalam bahasa Jawa ragam krama, bentuk halus dari ""aja"" dalam ngoko, dipakai di depan verba untuk melarang atau mencegah lawan bicara melakukan sesuatu, seperti pada ""sampun kuwatir"" (jangan khawatir).",2,sudah | telah | selesai | jangan,4,mesin
Sanadyan,"Kata penghubung yang berfungsi untuk menyatakan perlawanan atau pengecualian, memiliki arti yang sama dengan ""meskipun"" atau ""walaupun"".",,1,meskipun | walaupun | kendati | sekalipun,4,mesin
Seje,"Adjektiva yang merujuk pada kondisi *berbeda* atau *tidak sama* antara satu hal dengan hal lainnya. Kata ini digunakan untuk menekankan adanya kontras, kelainan, atau diskrepansi pada wujud, sifat, maupun rasa suatu objek dalam konteks perbandingan.",,1,berbeda | tidak sama | lain | beda,4,mesin
Senep,"Keadaan yang membosankan, monoton, atau menimbulkan rasa jenuh; dapat juga merujuk pada sesuatu yang berbau tidak sedap atau tidak menyenangkan tergantung konteks situasi.","Keadaan perut yang terasa tidak enak, sebah, atau nyeri melilit sehingga menimbulkan rasa mulas; lazim dipakai untuk mengeluhkan gangguan pencernaan ringan.",2,membosankan | monoton | jenuh | tidak sedap | sakit perut | mulas | sebah | perut tidak enak,8,mesin
Sewelas,"Bilangan bulat yang bernilai *sebelas* dalam bahasa Jawa, merupakan bentuk leksikon numeralia Jawa yang digunakan dalam percakapan sehari-hari, khususnya dalam ragam `ngoko`.",,1,sebelas,1,mesin
Sitok,Singkatan dari frasa Jawa 'Siji tok' yang bermakna 'satu saja' atau 'hanya satu'. Digunakan untuk menyatakan kuantitas minimal atau penekanan pada kesederhanaan pilihan.,,1,satu saja | hanya satu | satu,3,mesin
Songo,"Angka atau bilangan *sembilan* dalam bahasa Jawa, merupakan bentuk ""ngoko"" dari kata bilangan pokok yang digunakan secara luas dalam percakapan sehari-hari masyarakat Jawa.",,1,sembilan,1,mesin
sopo,"Kata tanya untuk menanyakan identitas atau nama seseorang, versi santai dari 'siapa'.",,1,siapa,1,mesin
Stel kendo,"Istilah Jawa yang berarti bersikap santai, tidak terburu-buru, atau melonggarkan ketegangan dalam menghadapi suatu situasi.",,1,santai | tidak terburu-buru | longgar | rileks | melonggarkan | mengendurkan,6,penutur
Sugeng,"Kata pembuka atau salam yang digunakan untuk menyatakan harapan akan ""keselamatan"" atau ""kesejahteraan"" dalam konteks waktu atau peristiwa tertentu.",,1,selamat | sejahtera | keselamatan,3,mesin
Sumelang,"Perasaan was-was, gelisah, atau tidak tenang karena memikirkan sesuatu yang buruk. Istilah ini menggambarkan kecemasan yang mendalam dan terus-menerus, sering kali tanpa alasan jelas, dan sering muncul dalam konteks emosional atau psikologis.",,1,khawatir | cemas | gelisah | was-was,4,mesin
Sundel,"Berakar dari istilah dalam mitologi seperti sundel bolong (figur hantu perempuan dalam cerita rakyat Jawa). Karena asosiasinya sangat negatif, kata ini termasuk kategori kata makian atau umpatan ekstrem jika diarahkan pada seseorang atau suatu keadaan.","Sebutan kasar bagi perempuan yang melacurkan diri atau dianggap tidak menjaga kehormatan; padanan harfiahnya dalam bahasa Indonesia adalah ""sundal"" atau ""perempuan tunasusila"".",2,sundal | pelacur | perempuan tunasusila | wanita tunasusila | hantu perempuan,5,mesin
Surup,"Kondisi ""waktu"" menjelang malam ketika matahari hampir terbenam di ufuk barat, menandai berakhirnya siang dan menjelang malam.",,1,senja | petang | matahari terbenam | magrib,4,mesin
Syawalan,"Tradisi budaya masyarakat Jawa yang dirayakan pada hari ketujuh setelah Hari Raya Idul Fitri, dikenal juga sebagai ""Lebaran Ketupat"", ditandai dengan acara silaturahmi, saling memaafkan, dan penyajian ketupat sebagai hidangan khas.",,1,lebaran ketupat | silaturahmi | tradisi lebaran | halalbihalal | maaf-maafan | memaafkan,6,penutur
Tali goci,"Simpul atau rangkaian tali yang menghubungkan rangka layang-layang dengan benang penarik untuk mengatur keseimbangan dan sudut terbang. Istilah ini merujuk pada ""tali kendali"" utama yang menentukan stabilitas objek saat berada di udara.",,1,tali kendali | tali layang-layang | simpul layang-layang,3,mesin
Tengen,"Tengen adalah posisi atau arah yang mengacu pada sisi kanan dari suatu objek atau ""perspektif"" tertentu. Ini merupakan lawan dari ""kiwa"" atau kiri, sangat penting untuk menunjukkan orientasi relatif. Secara umum, ini mengacu pada arah di mana sebagian besar manusia memegang dominasi tangan.",,1,kanan | sisi kanan | sebelah kanan,3,mesin
Tiwas,Kondisi yang menggambarkan sesuatu yang telah *terlanjur* terjadi atau dilakukan sehingga menjadi sia-sia; merujuk pada penyesalan atas tindakan yang sudah tidak dapat diubah.,"Keadaan kehilangan nyawa; dipakai untuk menyatakan bahwa seseorang mati atau tewas, umumnya karena kecelakaan, bencana, atau peristiwa yang tidak diinginkan. | Keadaan tertimpa kemalangan atau kecelakaan yang mendatangkan kerugian dan bahaya bagi seseorang.",3,terlanjur | sia-sia | percuma | tewas | meninggal | celaka | mati | binasa,8,penutur
Tresna,"Perasaan *cinta* atau kasih sayang yang mendalam, tulus, dan penuh pengabdian terhadap seseorang maupun sesuatu. Dalam bahasa Jawa, kata ini mencerminkan keterikatan emosional yang suci dan melampaui sekadar ketertarikan fisik, sering kali dikaitkan dengan ketulusan hati yang murni.",,1,cinta | kasih sayang | sayang | kasih,4,mesin
Tumbas,"Kata kerja dalam bahasa Jawa yang berarti *membeli*, yaitu tindakan memperoleh barang atau jasa dengan memberikan sejumlah uang sebagai alat tukar. Kata ini termasuk dalam register ""krama"" sehingga digunakan dalam situasi yang memerlukan kesopanan atau penghormatan kepada lawan bicara.",,1,membeli | beli | berbelanja,3,mesin
Tur,"Konjungsi koordinatif dalam bahasa Jawa yang bermakna *""dan""* atau *""juga""*, digunakan untuk menghubungkan dua klausa atau frasa yang menunjukkan penambahan informasi atau peristiwa yang terjadi secara bersamaan maupun berurutan.",,1,dan | juga | serta | bahkan,4,mesin
Unjung-unjung,"Tradisi kunjungan silaturahmi yang dilakukan pada masa ""Lebaran"" atau Idul Fitri, khususnya dengan mendatangi rumah sanak saudara, tetangga, dan orang yang dihormati untuk saling memaafkan dan mempererat hubungan kekeluargaan. Istilah ini *khas* digunakan di wilayah Jawa Tengah dan sebagian Jawa Timur.",,1,silaturahmi | berkunjung | bertamu | kunjungan lebaran | mengunjungi,5,penutur
Urug,"Proses ""menimbun"" atau ""mengisi"" tanah atau material lain untuk meratakan, meninggikan, atau membentuk permukaan lahan.",,1,menimbun | timbunan | mengisi | meratakan tanah,4,mesin
Wadon,"Kata dalam bahasa Jawa yang merujuk pada *perempuan* atau individu berjenis kelamin ""wanita""; digunakan secara luas dalam ragam Ngoko maupun percakapan sehari-hari masyarakat Jawa.",,1,perempuan | wanita,2,mesin
Wedhi,"Nomina dalam dialek `Jawa` yang merujuk pada material butiran halus berupa ""pasir"", umumnya ditemukan di tepi sungai, pantai, atau area tanah berpasir. Kata ini berbeda secara fonetis dan semantis dari `wedi` yang berarti takut.",,1,pasir,1,mesin
Wo,"Kata sapaan informal dalam bahasa Jawa yang digunakan untuk menyebut atau memanggil lawan bicara, setara dengan panggilan akrab antar teman sebaya. Kata ini *populer* digunakan oleh para ""content creator"" berbahasa Jawa, khususnya dari wilayah Jawa Tengah, Jawa Timur, dan Yogyakarta, sebagai identitas kultural yang khas dan bernuansa humoris.","Bentuk pendek dari ""uwa"" atau ""uwak"", yaitu sebutan dan sapaan bagi kakak dari ayah atau ibu, sejajar dengan pakdhe dan budhe; dipakai pula untuk menyapa orang yang lebih tua yang dihormati.",2,bro | panggilan akrab | kawan | sob | uwa | uwak,6,mesin
Yen,"Kata penghubung dalam bahasa Jawa yang menyatakan *syarat atau pengandaian*, setara dengan ""kalau"" atau ""jika"" dalam bahasa Indonesia.",,1,kalau | jika | apabila | seandainya,4,mesin
