word	freq	cap_ratio
test	4494	0.105
game	3276	0.162
rapid	3241	0.149
website	2476	0.092
link	2138	0.558
live	2103	0.524
band	1727	0.266
system	1656	0.338
smartphone	1582	0.131
streaming	1579	0.438
event	1554	0.162
service	1434	0.441
mobile	1431	0.488
update	1417	0.409
file	1346	0.090
share	1326	0.225
home	1320	0.558
social	1293	0.237
software	1246	0.222
mall	1205	0.508
server	1154	0.198
full	1135	0.272
iphone	1089	0.045
time	1060	0.417
dollar	1059	0.198
lockdown	1057	0.112
single	1053	0.198
power	1030	0.468
hand	1007	0.108
brand	1005	0.269
handphone	981	0.115
public	922	0.472
show	910	0.507
point	909	0.285
market	906	0.319
management	901	0.663
herbal	877	0.137
download	868	0.301
balita	865	0.143
workshop	863	0.355
jazz	857	0.648
business	855	0.680
channel	849	0.345
cluster	842	0.378
fashion	841	0.301
member	828	0.111
green	817	0.650
support	810	0.168
free	807	0.533
team	787	0.515
post	786	0.632
tour	765	0.661
food	752	0.463
travel	726	0.350
call	716	0.284
house	690	0.545
spot	684	0.171
training	683	0.359
line	677	0.363
tower	671	0.461
user	669	0.148
driver	658	0.210
staff	658	0.266
rate	655	0.348
customer	638	0.290
type	637	0.218
preview	634	0.454
office	630	0.548
road	630	0.568
design	622	0.428
best	620	0.690
more	610	0.602
physical	603	0.070
body	597	0.199
project	593	0.518
life	590	0.669
series	589	0.662
assist	588	0.039
smart	571	0.629
control	569	0.464
visa	567	0.198
presenter	545	0.255
network	535	0.693
conference	532	0.382
dealer	523	0.325
review	521	0.280
security	512	0.416
rock	508	0.396
standard	506	0.547
card	502	0.424
capital	501	0.595
estate	500	0.576
story	497	0.694
alaihi	493	0.101
stakeholder	493	0.030
check	490	0.206
seller	490	0.024
from	489	0.382
meeting	489	0.348
rider	489	0.211
silver	486	0.278
sampling	478	0.128
music	474	0.662
second	473	0.104
cash	459	0.198
high	457	0.416
jersey	457	0.330
trend	457	0.236
work	454	0.379
drive	453	0.333
password	450	0.147
year	447	0.414
good	442	0.466
login	437	0.233
rating	431	0.125
baby	424	0.585
fair	423	0.551
input	423	0.076
output	422	0.128
water	407	0.369
safety	397	0.421
asset	395	0.438
winger	393	0.188
happy	391	0.657
chat	390	0.226
view	389	0.396
back	386	0.246
disease	385	0.681
trading	385	0.226
mangrove	384	0.151
action	383	0.326
core	381	0.567
loading	379	0.018
stand	377	0.204
yuan	375	0.443
outlet	374	0.120
financial	372	0.583
care	370	0.608
chain	369	0.352
form	368	0.188
special	366	0.549
gold	363	0.675
press	362	0.583
professional	362	0.182
race	362	0.423
this	360	0.450
computer	358	0.385
image	357	0.202
double	356	0.197
company	355	0.682
product	353	0.564
face	352	0.261
down	350	0.226
room	350	0.474
search	347	0.501
account	344	0.192
keyboard	342	0.132
flash	341	0.472
ultra	341	0.663
first	340	0.656
trade	337	0.614
banking	336	0.461
industrial	333	0.673
with	332	0.295
class	330	0.509
cost	330	0.191
track	330	0.161
pink	329	0.258
engine	328	0.308
printer	328	0.177
retail	324	0.241
soft	324	0.235
learning	323	0.421
list	322	0.224
original	314	0.191
value	313	0.300
copy	310	0.142
derby	310	0.510
jelly	310	0.584
ounce	310	0.000
season	309	0.602
voucher	308	0.185
light	306	0.314
cross	304	0.533
chip	301	0.239
rebound	301	0.047
code	300	0.517
shield	300	0.407
study	300	0.450
venue	300	0.097
part	297	0.226
cloud	296	0.486
exchange	296	0.645
speaker	295	0.169
speed	295	0.346
official	294	0.633
stock	291	0.347
hardware	290	0.214
door	287	0.178
page	287	0.613
draft	281	0.164
cover	280	0.211
space	280	0.582
steel	280	0.693
error	278	0.097
money	278	0.259
hoax	273	0.147
return	273	0.278
investment	272	0.680
performance	272	0.324
player	272	0.261
holding	271	0.343
society	268	0.660
industry	267	0.356
supply	267	0.262
engineering	266	0.598
token	266	0.286
alien	265	0.509
base	264	0.205
coffee	264	0.633
leader	264	0.375
family	262	0.569
even	261	0.180
hard	261	0.345
slot	261	0.057
property	260	0.346
style	260	0.354
wireless	260	0.308
case	259	0.259
dress	258	0.205
hybrid	258	0.306
factor	257	0.311
simple	255	0.176
local	252	0.222
host	250	0.164
force	249	0.578
source	247	0.328
fast	246	0.577
fresh	246	0.220
thread	245	0.229
ratio	244	0.402
recovery	244	0.201
suspect	244	0.045
fund	243	0.683
quality	243	0.519
pizza	241	0.456
record	241	0.344
self	241	0.212
tracking	240	0.113
cream	239	0.435
traffic	239	0.293
governance	238	0.345
residence	237	0.557
scan	237	0.262
shop	237	0.414
entrepreneur	236	0.246
paper	236	0.352
reshuffle	234	0.120
notebook	232	0.172
reward	232	0.108
malware	230	0.104
reaction	229	0.415
pound	228	0.140
resistance	228	0.145
take	228	0.158
access	226	0.646
comeback	226	0.093
match	225	0.316
budget	224	0.138
jeans	224	0.080
like	224	0.473
sound	224	0.330
grade	223	0.202
content	222	0.306
display	222	0.329
policy	221	0.462
dual	220	0.355
field	220	0.455
illegal	219	0.046
income	219	0.119
disk	218	0.197
carry	216	0.676
country	216	0.620
shift	214	0.126
site	213	0.286
troy	213	0.254
agent	212	0.245
provider	212	0.208
screening	212	0.123
camera	211	0.474
finish	211	0.085
hacker	211	0.137
mood	210	0.067
beauty	209	0.670
drone	209	0.172
credit	208	0.486
orange	207	0.362
basic	205	0.483
caption	205	0.083
electronic	204	0.652
hosting	204	0.186
souvenir	204	0.157
building	203	0.389
private	203	0.310
moment	202	0.243
direct	201	0.453
client	199	0.176
gaming	199	0.286
pass	198	0.500
quick	198	0.520
shock	198	0.086
tweet	198	0.207
frame	197	0.137
rest	197	0.239
treatment	197	0.218
dance	196	0.449
coach	195	0.549
droplet	195	0.067
focus	195	0.451
position	194	0.149
anime	193	0.192
board	193	0.596
demand	192	0.146
entry	192	0.094
electric	190	0.653
memory	190	0.284
mouse	190	0.242
range	190	0.421
contact	189	0.275
accounting	188	0.585
browsing	188	0.261
voting	187	0.070
pole	186	0.134
remote	186	0.194
your	186	0.645
people	185	0.632
pool	185	0.373
boat	184	0.283
clean	184	0.321
laundry	183	0.235
maghrib	183	0.492
price	183	0.437
vehicle	183	0.470
voice	183	0.552
book	182	0.588
reply	182	0.445
screen	182	0.456
icon	181	0.298
interface	181	0.243
production	181	0.619
statement	181	0.149
furniture	180	0.261
knowledge	180	0.294
crash	178	0.657
runner	178	0.236
station	178	0.596
report	177	0.503
information	176	0.693
upgrade	176	0.159
interview	175	0.126
print	175	0.234
stay	175	0.291
risk	174	0.287
kick	173	0.347
proper	173	0.289
router	173	0.301
sporty	173	0.139
storage	173	0.249
girl	172	0.517
magic	172	0.634
pick	172	0.285
transport	172	0.436
maintenance	171	0.292
seafood	171	0.269
carport	170	0.053
counter	170	0.212
turbo	170	0.529
cell	169	0.314
influencer	169	0.136
leasing	169	0.124
caesar	168	0.393
ground	168	0.304
showroom	168	0.274
tourism	168	0.613
founder	167	0.689
guard	167	0.443
spam	167	0.365
clear	166	0.355
emergency	166	0.422
outdoor	166	0.169
photo	166	0.392
restaurant	166	0.590
booking	165	0.158
responsibility	165	0.661
grid	164	0.482
indoor	164	0.482
thermal	164	0.274
weekend	164	0.207
based	163	0.350
bike	163	0.607
joint	163	0.466
owner	163	0.436
traveler	163	0.282
mikir	162	0.043
consumer	161	0.553
engineer	161	0.478
gate	161	0.354
install	161	0.137
koko	161	0.646
merchant	161	0.137
window	160	0.275
dark	159	0.616
mind	159	0.528
yield	159	0.119
safe	158	0.348
date	157	0.204
hehe	156	0.167
raker	156	0.660
supplier	156	0.128
tools	156	0.340
break	155	0.161
chapter	155	0.581
sample	155	0.097
prank	154	0.104
scanner	154	0.240
upload	154	0.084
culture	153	0.503
exit	153	0.255
furnished	153	0.458
rescue	153	0.641
delivery	152	0.382
issue	152	0.138
move	152	0.283
flow	151	0.212
default	150	0.087
chart	149	0.262
finishing	149	0.081
place	149	0.664
centimeter	148	0.020
smelter	148	0.081
walk	148	0.453
wedding	148	0.426
franchise	147	0.204
loan	147	0.381
programmer	147	0.320
sustainable	147	0.585
student	145	0.607
touring	145	0.400
bullish	144	0.049
corolla	144	0.688
giant	144	0.549
leadership	144	0.396
tool	144	0.236
banner	143	0.217
rice	143	0.601
booth	142	0.261
cake	142	0.296
negative	142	0.042
shopping	142	0.472
side	142	0.352
bass	141	0.184
outlook	141	0.525
reality	141	0.255
roll	141	0.348
wide	141	0.504
trader	139	0.144
trust	139	0.612
block	138	0.319
infotainment	138	0.406
payment	138	0.406
gathering	137	0.445
party	137	0.591
technical	137	0.679
pandemic	136	0.125
seat	136	0.301
signal	136	0.537
assessment	135	0.252
change	135	0.511
effect	135	0.200
farm	135	0.526
justice	135	0.511
load	135	0.081
boss	134	0.507
outfit	134	0.149
partnership	134	0.687
sector	134	0.090
solution	134	0.545
underpass	134	0.306
crew	133	0.398
debt	133	0.278
purposive	132	0.114
short	132	0.326
touch	132	0.598
trial	132	0.152
version	132	0.462
buyback	131	0.084
device	131	0.214
interest	131	0.183
police	131	0.641
ready	131	0.221
tenant	131	0.076
government	130	0.623
shelter	130	0.254
suite	130	0.654
background	129	0.124
chatting	129	0.085
graduate	129	0.558
professor	129	0.574
salad	129	0.140
feed	128	0.305
middle	128	0.352
portable	128	0.242
tagged	128	0.531
traveling	128	0.070
analysis	127	0.606
category	127	0.110
court	127	0.551
syndrome	127	0.591
template	127	0.220
agreement	126	0.675
bandwidth	126	0.135
hook	126	0.238
organizer	126	0.341
skin	126	0.429
wave	126	0.635
battle	125	0.656
count	125	0.176
handset	125	0.104
mendownload	125	0.008
right	125	0.368
script	125	0.256
strategy	125	0.592
bullying	124	0.161
concern	124	0.089
guide	124	0.339
mess	124	0.427
response	124	0.677
accord	122	0.680
kitchen	122	0.320
stylish	122	0.049
growth	121	0.479
hattrick	121	0.083
plant	121	0.504
profile	121	0.331
regular	121	0.074
snack	121	0.231
subtitle	121	0.388
talent	120	0.433
balance	119	0.294
extra	119	0.269
forward	119	0.378
name	119	0.202
rapper	119	0.235
slide	119	0.160
intelligence	118	0.636
message	118	0.356
reseller	118	0.169
spoiler	118	0.220
text	118	0.246
trainer	118	0.254
loss	117	0.188
runway	117	0.145
save	117	0.573
asem	116	0.491
comment	116	0.293
guest	116	0.483
library	116	0.578
manga	116	0.233
massif	116	0.009
shooting	116	0.216
split	116	0.440
switch	116	0.414
vihara	116	0.526
wine	116	0.181
deal	115	0.330
fitness	115	0.287
injury	115	0.026
under	115	0.374
ball	114	0.500
carrier	114	0.246
cleaning	114	0.167
crime	114	0.465
crude	114	0.333
designer	114	0.430
fight	114	0.623
reading	114	0.465
casing	113	0.221
experience	113	0.540
flight	113	0.372
protocol	113	0.442
steak	113	0.310
variable	113	0.265
address	112	0.277
after	112	0.509
civil	112	0.446
ebook	112	0.170
lancer	112	0.571
machine	112	0.482
resource	112	0.554
visit	112	0.491
dashboard	111	0.153
landing	111	0.450
lifting	111	0.063
lounge	111	0.541
playboy	111	0.685
political	111	0.523
sheet	111	0.180
number	110	0.673
pack	110	0.282
steering	110	0.318
holiday	109	0.514
lock	109	0.257
mixed	109	0.239
small	109	0.523
spare	109	0.138
processor	108	0.204
strain	108	0.046
utility	108	0.315
benefit	107	0.131
fuel	107	0.327
hair	107	0.355
independent	107	0.579
letter	107	0.486
micro	107	0.486
printing	107	0.393
sense	107	0.271
truck	107	0.280
gross	106	0.377
instant	106	0.217
passion	106	0.160
playmaker	106	0.104
swap	106	0.217
assistant	105	0.619
ballroom	105	0.600
cancel	105	0.600
custom	105	0.343
drummer	105	0.200
judicial	105	0.162
plak	105	0.038
sunset	105	0.467
wallpaper	105	0.162
button	104	0.654
buyer	104	0.067
mercy	104	0.625
teaser	104	0.183
trail	104	0.567
winner	104	0.548
boot	103	0.204
crisis	103	0.583
deadline	103	0.233
nash	103	0.301
progress	103	0.223
restart	103	0.175
stainless	103	0.146
initial	102	0.373
advertising	101	0.475
command	101	0.653
enjoy	101	0.129
feature	101	0.277
interpersonal	101	0.099
layout	101	0.168
living	101	0.406
unlimited	101	0.446
ambassador	100	0.410
bearish	100	0.040
carbon	100	0.600
foreign	100	0.540
friendly	100	0.450
incumbent	100	0.020
rally	100	0.430
role	100	0.150
topic	100	0.090
belt	99	0.232
early	99	0.424
gear	99	0.455
logging	99	0.071
notice	99	0.202
relationship	99	0.424
stage	99	0.444
acid	98	0.255
away	98	0.224
backup	98	0.173
equity	98	0.449
process	98	0.398
tagline	98	0.112
cashback	97	0.186
deep	97	0.598
diva	97	0.608
figure	97	0.082
hearing	97	0.186
promotion	97	0.670
release	97	0.268
spin	97	0.670
starting	97	0.134
active	96	0.677
chicken	96	0.604
kernel	96	0.312
survive	96	0.010
table	96	0.333
career	95	0.695
cargo	95	0.432
hatchback	95	0.295
triple	95	0.547
alkes	94	0.245
charger	94	0.266
fishing	94	0.266
gateway	94	0.372
instrument	94	0.160
lost	94	0.660
shower	94	0.138
apartment	93	0.409
boarding	93	0.194
charge	93	0.301
mass	93	0.473
mining	93	0.559
nation	93	0.667
rookie	93	0.366
application	92	0.598
campaign	92	0.315
leading	92	0.163
score	92	0.293
holder	91	0.099
opening	91	0.341
piece	91	0.681
sweet	91	0.473
batch	90	0.311
compact	90	0.456
flagship	90	0.056
follow	90	0.189
request	90	0.200
understanding	90	0.689
boulevard	89	0.607
equipment	89	0.640
fixed	89	0.157
netbook	89	0.202
running	89	0.494
sell	89	0.169
true	89	0.674
antum	88	0.227
dinner	88	0.466
diving	88	0.216
factory	88	0.693
freezer	88	0.068
trafficking	88	0.136
quad	87	0.552
trojan	87	0.333
battery	86	0.419
liquid	86	0.477
meng	86	0.581
advance	85	0.612
della	85	0.612
thanks	85	0.506
vote	85	0.247
what	85	0.600
zombie	85	0.282
economy	84	0.357
entrepreneurship	84	0.369
greenback	84	0.167
language	84	0.655
mainstream	84	0.036
only	84	0.488
outer	84	0.333
sandwich	84	0.405
trainee	84	0.429
treble	84	0.024
about	83	0.578
bubble	83	0.361
color	83	0.590
cultural	83	0.434
didownload	83	0.000
toll	83	0.265
alternative	82	0.159
chemistry	82	0.341
hokum	82	0.024
hole	82	0.232
merchandise	82	0.122
refund	82	0.085
treasury	82	0.683
artificial	81	0.432
basement	81	0.074
course	81	0.420
inch	81	0.123
redeem	81	0.370
refresh	81	0.136
strawberry	81	0.296
task	81	0.494
theme	81	0.346
grey	80	0.675
hormonal	80	0.000
lobby	80	0.263
lotion	80	0.250
proxy	80	0.250
root	80	0.150
soundtrack	80	0.087
that	80	0.613
welcome	80	0.362
font	79	0.165
gazebo	79	0.152
other	79	0.278
practice	79	0.278
revenue	79	0.089
saving	79	0.430
sweeping	79	0.114
zinc	79	0.380
awareness	78	0.218
briefing	78	0.205
cache	78	0.205
cool	78	0.308
discussion	78	0.577
idea	78	0.397
motherboard	78	0.167
smash	78	0.692
surveyor	78	0.423
topping	78	0.051
crane	77	0.273
follower	77	0.078
mask	77	0.442
cable	76	0.474
collector	76	0.197
easy	76	0.474
paving	76	0.053
pump	76	0.382
puzzle	76	0.184
signature	76	0.461
speaking	76	0.355
stem	76	0.434
think	76	0.487
warming	76	0.184
almond	75	0.173
attack	75	0.400
duty	75	0.653
expert	75	0.467
hotline	75	0.147
ladies	75	0.653
protection	75	0.640
speedboat	75	0.133
stream	75	0.560
survival	75	0.293
threshold	75	0.227
barrel	74	0.027
broken	74	0.635
capacity	74	0.257
exclusive	74	0.297
haven	74	0.176
join	74	0.243
organic	74	0.365
reader	74	0.365
reverse	74	0.662
charging	73	0.137
disc	73	0.479
lead	73	0.342
maba	73	0.329
major	73	0.699
noise	73	0.247
prize	73	0.452
representative	73	0.589
teaching	73	0.507
close	72	0.444
franc	72	0.167
immunity	72	0.153
outstanding	72	0.250
sneakers	72	0.111
title	72	0.444
artist	71	0.549
barrier	71	0.225
blind	71	0.507
chemical	71	0.648
cold	71	0.338
fish	71	0.648
frozen	71	0.549
multiple	71	0.380
paste	71	0.113
peer	71	0.296
recall	71	0.254
recruitment	71	0.324
thru	71	0.211
construction	70	0.614
deluxe	70	0.343
domestic	70	0.486
environment	70	0.643
generation	70	0.671
herd	70	0.200
labor	70	0.457
luxury	70	0.600
milk	70	0.486
mint	70	0.414
node	70	0.186
panic	70	0.143
pressure	70	0.314
rubber	70	0.357
scene	70	0.271
scientific	70	0.557
sorry	70	0.614
stochastic	70	0.471
taxi	70	0.414
twin	70	0.543
wild	70	0.614
working	70	0.471
booster	69	0.493
contest	69	0.667
controller	69	0.377
desk	69	0.507
goods	69	0.217
peak	69	0.406
ping	69	0.667
standing	69	0.217
tree	69	0.652
twit	69	0.246
very	69	0.420
animal	68	0.588
consultant	68	0.588
headline	68	0.412
hobby	68	0.206
moving	68	0.471
outbound	68	0.265
plastic	68	0.294
regency	68	0.441
slow	68	0.338
stake	68	0.029
steam	68	0.603
theory	68	0.618
climate	67	0.672
excellence	67	0.612
facility	67	0.597
feeling	67	0.224
hamstring	67	0.060
logistic	67	0.433
prototype	67	0.209
size	67	0.134
spray	67	0.164
swing	67	0.254
anniversary	66	0.561
bakery	66	0.561
buffet	66	0.485
casual	66	0.106
container	66	0.394
escudo	66	0.576
fighter	66	0.530
freelance	66	0.106
heater	66	0.136
impact	66	0.394
relative	66	0.030
rule	66	0.258
tone	66	0.273
bombay	65	0.246
citizen	65	0.615
delay	65	0.108
doorprize	65	0.031
dynamic	65	0.692
electoral	65	0.354
have	65	0.292
look	65	0.415
multiplier	65	0.062
outbond	65	0.138
rank	65	0.477
sign	65	0.385
spyware	65	0.015
stick	65	0.338
valve	65	0.338
vocal	65	0.354
wahabi	65	0.631
baking	64	0.250
bottom	64	0.328
collection	64	0.609
cottage	64	0.594
critical	64	0.344
dating	64	0.125
earphone	64	0.109
fraud	64	0.266
furnish	64	0.250
heavy	64	0.547
juice	64	0.391
please	64	0.500
positivity	64	0.203
ride	64	0.562
roller	64	0.156
section	64	0.438
surprise	64	0.188
upper	64	0.516
bully	63	0.127
common	63	0.365
concept	63	0.603
dump	63	0.127
eucalyptus	63	0.286
facial	63	0.222
injection	63	0.397
nugget	63	0.222
object	63	0.381
screenshot	63	0.175
sleep	63	0.508
wheel	63	0.317
activity	62	0.468
external	62	0.565
feedback	62	0.097
junto	62	0.129
procedure	62	0.452
purpose	62	0.419
quantum	62	0.597
sexy	62	0.258
shot	62	0.323
shuttle	62	0.210
wealth	62	0.661
aussie	61	0.639
bold	61	0.443
brake	61	0.262
charity	61	0.574
chloroquine	61	0.377
graphic	61	0.557
handle	61	0.049
headset	61	0.164
heels	61	0.049
opinion	61	0.311
rail	61	0.656
distance	60	0.283
earning	60	0.283
geothermal	60	0.350
mean	60	0.300
naker	60	0.283
package	60	0.600
session	60	0.450
sticker	60	0.133
buffer	59	0.220
conditioner	59	0.390
cuba	59	0.424
diary	59	0.610
drawing	59	0.390
ending	59	0.254
endorse	59	0.119
feat	59	0.034
hammer	59	0.441
headphone	59	0.169
mansion	59	0.627
mengupload	59	0.017
pattern	59	0.339
positive	59	0.220
punishment	59	0.085
timing	59	0.271
venture	59	0.407
better	58	0.621
breakfast	58	0.448
cleaner	58	0.414
cookies	58	0.224
crossing	58	0.155
current	58	0.362
cycle	58	0.603
handling	58	0.310
method	58	0.328
paddock	58	0.328
taking	58	0.069
aquarium	57	0.211
assesment	57	0.351
character	57	0.316
closed	57	0.386
fusion	57	0.632
indicator	57	0.316
lithium	57	0.316
parcel	57	0.421
skim	57	0.175
straight	57	0.175
thawaf	57	0.070
blank	56	0.196
daddy	56	0.554
driving	56	0.429
firewall	56	0.214
function	56	0.393
inventory	56	0.411
landscape	56	0.232
offering	56	0.411
powder	56	0.250
probable	56	0.089
relay	56	0.304
round	56	0.661
routing	56	0.179
sectional	56	0.054
vertical	56	0.250
wait	56	0.107
xanthone	56	0.429
degree	55	0.582
extraordinary	55	0.182
fuzzy	55	0.382
infra	55	0.309
packing	55	0.164
thinking	55	0.145
thriller	55	0.109
audience	54	0.111
backlink	54	0.074
bypass	54	0.444
chocolate	54	0.630
connect	54	0.611
cotton	54	0.296
extension	54	0.278
inner	54	0.204
keep	54	0.593
patch	54	0.370
politics	54	0.315
silent	54	0.370
teller	54	0.370
array	53	0.396
assurance	53	0.528
broadcast	53	0.283
coaching	53	0.283
essential	53	0.415
maker	53	0.377
matte	53	0.472
option	53	0.264
sachet	53	0.019
sister	53	0.472
trophy	53	0.491
urgent	53	0.057
airline	52	0.692
angle	52	0.192
backbone	52	0.288
birthday	52	0.635
capture	52	0.269
commerce	52	0.692
continue	52	0.692
discount	52	0.135
drag	52	0.327
electrical	52	0.635
excellent	52	0.481
gift	52	0.500
hygiene	52	0.423
lamp	52	0.250
massage	52	0.308
month	52	0.327
netter	52	0.365
shutdown	52	0.135
therapy	52	0.442
thermo	52	0.269
timeline	52	0.346
wash	52	0.250
approach	51	0.255
certificate	51	0.686
distribution	51	0.647
diupload	51	0.000
fetish	51	0.353
gorilla	51	0.608
here	51	0.510
identity	51	0.647
keynote	51	0.333
mill	51	0.647
need	51	0.431
opportunity	51	0.314
portfolio	51	0.235
premiere	51	0.647
shadow	51	0.588
strong	51	0.510
sweater	51	0.098
boots	50	0.140
contract	50	0.540
deck	50	0.160
father	50	0.580
hadith	50	0.220
help	50	0.620
know	50	0.440
microwave	50	0.180
operational	50	0.520
optical	50	0.360
path	50	0.500
quest	50	0.600
silicon	50	0.680
speech	50	0.380
stir	50	0.040
surveillance	50	0.400
ultrabook	50	0.480
amplifier	49	0.184
boba	49	0.449
border	49	0.429
branded	49	0.163
breaker	49	0.429
connection	49	0.510
converter	49	0.245
coral	49	0.673
creator	49	0.367
dessert	49	0.245
fine	49	0.490
floating	49	0.306
floor	49	0.490
fully	49	0.184
going	49	0.286
insight	49	0.531
jacket	49	0.245
primary	49	0.551
success	49	0.571
toner	49	0.388
trotol	49	0.122
underground	49	0.347
apply	48	0.500
cheese	48	0.292
crossover	48	0.312
depth	48	0.292
element	48	0.583
facebooknya	48	0.604
fashionable	48	0.042
header	48	0.146
idle	48	0.062
improvement	48	0.333
investigation	48	0.625
landmark	48	0.375
leave	48	0.667
purchase	48	0.417
related	48	0.667
seal	48	0.438
sniper	48	0.458
teatrikal	48	0.062
turn	48	0.458
visitor	48	0.292
worm	48	0.333
years	48	0.625
acute	47	0.681
boom	47	0.489
build	47	0.426
charter	47	0.383
comfort	47	0.489
costumer	47	0.298
enter	47	0.574
farming	47	0.191
fever	47	0.660
jump	47	0.511
perfect	47	0.596
peso	47	0.277
scorer	47	0.064
species	47	0.213
symbol	47	0.106
wisdom	47	0.255
assistance	46	0.522
export	46	0.565
feet	46	0.174
knock	46	0.457
leopard	46	0.696
pashmina	46	0.065
principal	46	0.435
repair	46	0.391
showcase	46	0.565
splash	46	0.696
swimming	46	0.348
vintage	46	0.087
warehouse	46	0.348
waste	46	0.326
added	45	0.422
analyst	45	0.622
baker	45	0.667
beyond	45	0.689
brain	45	0.667
chamber	45	0.644
clock	45	0.178
craft	45	0.644
crop	45	0.200
directory	45	0.422
drink	45	0.222
fruit	45	0.622
giornata	45	0.000
hamper	45	0.022
junk	45	0.156
leaflet	45	0.156
logic	45	0.378
mutual	45	0.378
photography	45	0.444
refinery	45	0.556
string	45	0.267
than	45	0.600
timer	45	0.156
tissue	45	0.222
wiper	45	0.067
achievement	44	0.659
attitude	44	0.273
bath	44	0.455
clinical	44	0.682
coating	44	0.205
coverage	44	0.295
flag	44	0.614
flare	44	0.273
frequency	44	0.545
give	44	0.591
hidden	44	0.386
intensive	44	0.523
killer	44	0.364
legislative	44	0.045
leverage	44	0.182
loop	44	0.455
olive	44	0.636
patrol	44	0.659
procurement	44	0.477
quiz	44	0.523
realtime	44	0.114
riyal	44	0.341
scanning	44	0.068
subscriber	44	0.091
transmission	44	0.432
backpacker	43	0.186
booting	43	0.023
brother	43	0.628
buzzer	43	0.116
changer	43	0.302
chaos	43	0.186
classroom	43	0.698
clip	43	0.163
coordinator	43	0.488
dunk	43	0.256
echo	43	0.605
enforcement	43	0.395
hospitality	43	0.535
ijma	43	0.163
magnetic	43	0.488
overall	43	0.326
projector	43	0.535
publisher	43	0.349
royale	43	0.581
schedule	43	0.209
tier	43	0.163
treadmill	43	0.140
tuberculosis	43	0.302
unsure	43	0.023
adware	42	0.024
apartement	42	0.500
cabin	42	0.333
cobra	42	0.690
cooker	42	0.286
cooling	42	0.333
couple	42	0.286
foam	42	0.214
hamster	42	0.190
intake	42	0.167
introvert	42	0.119
least	42	0.333
overload	42	0.000
perform	42	0.119
politic	42	0.071
quote	42	0.286
rent	42	0.429
taft	42	0.595
triangle	42	0.476
bamboo	41	0.488
beef	41	0.585
beepdo	41	0.659
criminal	41	0.610
decision	41	0.366
groundbreaking	41	0.244
inflow	41	0.024
infrared	41	0.293
maritime	41	0.634
mixer	41	0.244
offshore	41	0.610
packaging	41	0.317
registry	41	0.463
stang	41	0.049
submission	41	0.561
supranatural	41	0.098
thank	41	0.659
wire	41	0.463
candlestick	40	0.300
conflict	40	0.225
doing	40	0.475
firmware	40	0.100
floral	40	0.050
horror	40	0.125
lighting	40	0.375
listening	40	0.275
mile	40	0.600
payroll	40	0.325
printable	40	0.000
recording	40	0.250
reviewer	40	0.325
specialist	40	0.575
sunrise	40	0.500
teacher	40	0.675
tunnel	40	0.375
vertigo	40	0.200
writing	40	0.575
before	39	0.487
billing	39	0.205
blast	39	0.385
boomerang	39	0.564
candle	39	0.205
chic	39	0.154
clan	39	0.103
cliff	39	0.692
complex	39	0.692
damage	39	0.333
diagnostic	39	0.487
founding	39	0.231
insert	39	0.641
multiyears	39	0.077
outflow	39	0.026
pickup	39	0.179
quota	39	0.256
realitanya	39	0.256
scrub	39	0.154
shampoo	39	0.077
spike	39	0.513
tulip	39	0.641
absolute	38	0.368
being	38	0.395
bench	38	0.053
bidding	38	0.105
disclaimer	38	0.395
document	38	0.500
friend	38	0.579
homeschooling	38	0.342
matching	38	0.158
monorail	38	0.316
origin	38	0.632
phablet	38	0.237
query	38	0.132
stadia	38	0.579
taro	38	0.605
uteri	38	0.026
vacuum	38	0.395
writer	38	0.474
alloy	37	0.135
aware	37	0.054
baseball	37	0.189
butter	37	0.243
catwalk	37	0.162
ceremony	37	0.378
create	37	0.622
currency	37	0.324
exterior	37	0.081
fingerprint	37	0.351
ganeshaspeaks	37	0.568
healthy	37	0.676
hormone	37	0.216
launch	37	0.432
lawyer	37	0.297
mechanical	37	0.568
outcome	37	0.108
pocket	37	0.459
powerful	37	0.054
presidential	37	0.432
quarter	37	0.297
scale	37	0.405
septic	37	0.108
spider	37	0.595
starlet	37	0.541
strength	37	0.216
accident	36	0.472
anchor	36	0.222
behavior	36	0.278
departement	36	0.694
dexamethasone	36	0.472
feel	36	0.389
fullback	36	0.111
grille	36	0.222
guild	36	0.556
hack	36	0.139
hacking	36	0.194
humanity	36	0.583
large	36	0.667
lower	36	0.528
multiply	36	0.583
nibbana	36	0.694
obligation	36	0.444
pancake	36	0.333
parking	36	0.444
pile	36	0.139
poor	36	0.472
rear	36	0.472
scientist	36	0.611
shoot	36	0.222
sponsorship	36	0.194
survivor	36	0.417
traditional	36	0.500
whole	36	0.139
accent	35	0.657
affair	35	0.600
baht	35	0.171
blur	35	0.371
cast	35	0.314
comedy	35	0.486
draw	35	0.400
endorsement	35	0.000
exercise	35	0.343
favorite	35	0.457
firm	35	0.371
grill	35	0.343
inverter	35	0.229
loyalty	35	0.514
metallic	35	0.600
module	35	0.486
offset	35	0.400
parliamentary	35	0.257
popcorn	35	0.200
portrait	35	0.543
priority	35	0.543
reduction	35	0.514
reset	35	0.143
roaming	35	0.200
ship	35	0.514
spread	35	0.229
structural	35	0.343
tarot	35	0.286
volunteer	35	0.314
wholesale	35	0.486
actor	34	0.382
alcohol	34	0.147
always	34	0.588
cirri	34	0.088
combine	34	0.206
come	34	0.324
criteria	34	0.088
effort	34	0.147
engagement	34	0.206
graphics	34	0.471
lunar	34	0.676
million	34	0.471
optic	34	0.118
period	34	0.176
publish	34	0.059
recorder	34	0.353
retweet	34	0.059
shake	34	0.559
shutter	34	0.265
sold	34	0.176
sprayer	34	0.147
switching	34	0.265
thesis	34	0.265
through	34	0.500
tomcat	34	0.676
without	34	0.471
academic	33	0.697
beverage	33	0.364
bezel	33	0.091
blueberry	33	0.303
bowling	33	0.273
buff	33	0.212
clutch	33	0.333
commitment	33	0.273
delete	33	0.303
detector	33	0.212
diseases	33	0.606
fault	33	0.364
genuine	33	0.515
googling	33	0.061
ideology	33	0.061
livery	33	0.182
macro	33	0.364
megathrust	33	0.303
mention	33	0.212
mother	33	0.515
nail	33	0.576
native	33	0.303
nude	33	0.061
oatmeal	33	0.152
overhead	33	0.121
parent	33	0.273
permanent	33	0.455
protect	33	0.667
quotient	33	0.545
recycle	33	0.242
religious	33	0.333
resign	33	0.061
squid	33	0.424
supporting	33	0.182
thermometer	33	0.212
third	33	0.545
treaty	33	0.636
truth	33	0.606
wind	33	0.606
aloe	32	0.531
apparel	32	0.344
apus	32	0.594
attachment	32	0.250
banana	32	0.375
bear	32	0.625
breakout	32	0.312
built	32	0.375
calendar	32	0.656
clothing	32	0.281
eleven	32	0.500
expenditure	32	0.188
faith	32	0.688
fried	32	0.562
greet	32	0.406
hangout	32	0.156
highlight	32	0.281
leptospirosis	32	0.281
less	32	0.281
literal	32	0.062
phobia	32	0.500
privacy	32	0.375
retreat	32	0.594
rotary	32	0.656
scoring	32	0.156
seed	32	0.594
sentiment	32	0.062
tart	32	0.125
things	32	0.625
translate	32	0.406
another	31	0.323
aperture	31	0.097
augmented	31	0.419
bene	31	0.097
blockchain	31	0.419
bussiness	31	0.645
cheat	31	0.355
clay	31	0.484
confidence	31	0.323
crispy	31	0.323
dash	31	0.613
dock	31	0.355
drill	31	0.226
exposure	31	0.097
fatality	31	0.161
fender	31	0.355
filler	31	0.097
foot	31	0.484
maroon	31	0.355
obligor	31	0.032
pants	31	0.194
pastry	31	0.226
personality	31	0.323
pioneer	31	0.548
plum	31	0.355
polar	31	0.290
potassium	31	0.097
punch	31	0.161
rigid	31	0.161
rill	31	0.032
rooftop	31	0.323
route	31	0.419
safeguard	31	0.097
tail	31	0.387
tariff	31	0.323
terror	31	0.194
ticket	31	0.387
tribute	31	0.677
unity	31	0.613
vanilla	31	0.387
volatile	31	0.161
arthritis	30	0.100
boiler	30	0.367
cartridge	30	0.200
claim	30	0.433
coat	30	0.100
coconut	30	0.533
complete	30	0.633
cooperative	30	0.433
drift	30	0.600
empowerment	30	0.333
feeder	30	0.233
fithri	30	0.600
framing	30	0.167
gasoline	30	0.367
grub	30	0.467
hedging	30	0.033
implant	30	0.233
inspirator	30	0.200
liner	30	0.033
lingerie	30	0.133
literature	30	0.233
marker	30	0.067
quantitative	30	0.267
receiver	30	0.300
recognition	30	0.567
renaissance	30	0.600
rocker	30	0.367
sexual	30	0.433
sideways	30	0.033
spending	30	0.000
stretch	30	0.267
stunning	30	0.033
submit	30	0.200
touchscreen	30	0.100
unicorn	30	0.267
walking	30	0.567
wear	30	0.533
yacht	30	0.367
abate	29	0.207
aglaonema	29	0.448
antibody	29	0.034
author	29	0.586
balanced	29	0.586
billion	29	0.379
brace	29	0.138
clearing	29	0.138
console	29	0.138
derah	29	0.345
docking	29	0.138
elegant	29	0.345
extended	29	0.586
feasibility	29	0.379
integrity	29	0.586
invoice	29	0.310
koor	29	0.138
leather	29	0.448
legging	29	0.103
lesson	29	0.483
linkage	29	0.241
logos	29	0.586
mustard	29	0.069
near	29	0.448
onthel	29	0.207
protease	29	0.103
remake	29	0.138
rendering	29	0.172
repeat	29	0.138
repeater	29	0.310
romantic	29	0.690
searching	29	0.138
shape	29	0.552
smooth	29	0.345
sovereign	29	0.621
speak	29	0.552
staycation	29	0.276
tailing	29	0.069
ticketing	29	0.138
trouble	29	0.207
tune	29	0.414
underlying	29	0.034
vector	29	0.379
want	29	0.655
animator	28	0.214
assets	28	0.464
bandwith	28	0.107
cleansing	28	0.250
clearance	28	0.179
cooking	28	0.500
cracker	28	0.286
deadlock	28	0.036
detection	28	0.321
employee	28	0.393
endurance	28	0.286
essay	28	0.321
esteem	28	0.464
foil	28	0.036
franchisee	28	0.250
genetic	28	0.250
gimmick	28	0.036
glowing	28	0.179
gypsum	28	0.214
hypnosis	28	0.214
invisible	28	0.464
latex	28	0.250
location	28	0.464
mandatory	28	0.107
maximum	28	0.357
muter	28	0.071
needs	28	0.143
outbreak	28	0.143
pain	28	0.429
paint	28	0.571
phishing	28	0.036
rare	28	0.500
roof	28	0.179
sarna	28	0.643
satisfaction	28	0.464
scarf	28	0.179
sesame	28	0.143
spaghetti	28	0.286
spreadsheet	28	0.214
stylist	28	0.107
telephone	28	0.250
temperature	28	0.071
thermogun	28	0.036
tomboy	28	0.000
tugboat	28	0.179
underwriter	28	0.143
actual	27	0.296
aging	27	0.407
armor	27	0.444
banya	27	0.000
bilirubin	27	0.222
breeding	27	0.074
bulk	27	0.481
canvas	27	0.519
char	27	0.481
chips	27	0.296
concealer	27	0.222
cone	27	0.333
enhanced	27	0.556
excited	27	0.074
fibrosis	27	0.000
fleet	27	0.667
garment	27	0.481
grass	27	0.296
jingle	27	0.259
legacy	27	0.481
masterpiece	27	0.444
maximal	27	0.074
millennium	27	0.630
mortgage	27	0.222
overbought	27	0.000
planner	27	0.519
playground	27	0.370
potential	27	0.222
reaktivasi	27	0.111
repository	27	0.111
restore	27	0.407
rural	27	0.556
skirt	27	0.037
there	27	0.667
underdog	27	0.000
vinyl	27	0.222
wish	27	0.630
wrote	27	0.000
administrative	26	0.154
appraisal	26	0.231
around	26	0.615
arrival	26	0.615
blouse	26	0.115
blueprint	26	0.385
bodo	26	0.500
bread	26	0.577
brush	26	0.423
cameo	26	0.115
caretaker	26	0.154
carpet	26	0.231
collaborator	26	0.115
confirm	26	0.192
cookie	26	0.462
dancer	26	0.269
defensive	26	0.346
dressing	26	0.115
easing	26	0.115
emotional	26	0.538
finger	26	0.462
gage	26	0.500
galant	26	0.577
half	26	0.500
hell	26	0.692
journalism	26	0.538
keadaaan	26	0.115
killing	26	0.385
metric	26	0.462
milestone	26	0.077
nervous	26	0.077
nuclear	26	0.692
patas	26	0.615
present	26	0.538
reference	26	0.346
religion	26	0.654
remix	26	0.231
rubella	26	0.385
rugby	26	0.385
secondary	26	0.308
secure	26	0.577
strap	26	0.154
strike	26	0.692
textile	26	0.538
tracker	26	0.538
trawl	26	0.077
trigger	26	0.115
volcano	26	0.615
anthurium	25	0.320
bathtub	25	0.080
boxer	25	0.360
bucket	25	0.120
coaster	25	0.200
condition	25	0.280
cortex	25	0.560
creation	25	0.560
cute	25	0.280
destination	25	0.360
entity	25	0.440
ethanol	25	0.080
excavator	25	0.160
fatty	25	0.400
giveaway	25	0.160
halt	25	0.080
isolation	25	0.120
lease	25	0.480
license	25	0.440
locus	25	0.120
multistage	25	0.080
must	25	0.240
observer	25	0.280
potato	25	0.440
precast	25	0.520
quarantine	25	0.440
reschedule	25	0.040
result	25	0.640
segment	25	0.120
sept	25	0.680
skil	25	0.160
smear	25	0.160
spec	25	0.200
stack	25	0.240
statistic	25	0.080
strategist	25	0.320
styling	25	0.040
syaithan	25	0.200
telephoto	25	0.080
thorax	25	0.120
threat	25	0.680
uncle	25	0.680
volley	25	0.280
wafer	25	0.240
welfare	25	0.520
adjustment	24	0.083
alone	24	0.667
blocking	24	0.167
bodyguard	24	0.167
boost	24	0.667
closet	24	0.125
cocktail	24	0.250
cocoa	24	0.333
coin	24	0.625
compliance	24	0.333
continuous	24	0.500
density	24	0.333
evaluation	24	0.500
everyone	24	0.333
flame	24	0.500
flexible	24	0.292
flyer	24	0.333
graph	24	0.500
handball	24	0.083
handphonenya	24	0.042
hydro	24	0.583
integrator	24	0.208
keeping	24	0.583
late	24	0.500
literacy	24	0.417
lutein	24	0.250
membership	24	0.125
missing	24	0.417
moslem	24	0.625
neck	24	0.167
notch	24	0.125
nozzle	24	0.167
packet	24	0.500
placement	24	0.125
replacement	24	0.167
rosella	24	0.333
scroll	24	0.125
secretariat	24	0.458
sensitive	24	0.125
sure	24	0.042
thing	24	0.625
toolbar	24	0.125
trah	24	0.250
vampire	24	0.333
viewer	24	0.167
ware	24	0.542
weight	24	0.500
abuse	23	0.130
accidental	23	0.261
advantage	23	0.304
article	23	0.435
beam	23	0.652
blacklist	23	0.217
blush	23	0.174
boro	23	0.391
citrus	23	0.652
connectivity	23	0.435
convenience	23	0.391
corn	23	0.435
coto	23	0.565
crayon	23	0.478
easyhoroscope	23	0.348
finding	23	0.609
freelancer	23	0.130
gearbox	23	0.130
headlamp	23	0.130
headway	23	0.217
honeymoon	23	0.217
left	23	0.391
lipstick	23	0.087
loader	23	0.348
maggot	23	0.217
measure	23	0.609
methanol	23	0.261
mommy	23	0.522
motivation	23	0.478
omelet	23	0.217
parallel	23	0.174
peach	23	0.304
probability	23	0.174
protector	23	0.565
pull	23	0.130
question	23	0.609
receptionist	23	0.348
roadster	23	0.565
salary	23	0.565
scam	23	0.217
scenario	23	0.217
scope	23	0.217
shifting	23	0.174
something	23	0.304
spectrum	23	0.348
structure	23	0.304
tote	23	0.348
transceiver	23	0.478
workstation	23	0.130
acrylic	22	0.182
acting	22	0.273
adequacy	22	0.409
aesthetic	22	0.545
balm	22	0.273
bassist	22	0.136
behind	22	0.273
binding	22	0.091
bistro	22	0.682
coil	22	0.182
duck	22	0.682
earnings	22	0.227
equality	22	0.227
everything	22	0.636
expose	22	0.500
false	22	0.227
flawless	22	0.045
forwarder	22	0.364
found	22	0.500
gentle	22	0.273
guitar	22	0.682
hash	22	0.227
helix	22	0.591
hoodie	22	0.182
humble	22	0.091
multidimensional	22	0.091
overtime	22	0.045
painting	22	0.545
requirement	22	0.318
rosemary	22	0.591
servo	22	0.318
speedometer	22	0.227
summary	22	0.364
suspend	22	0.091
themes	22	0.318
then	22	0.409
trick	22	0.318
tuning	22	0.273
unique	22	0.364
vending	22	0.227
affiliate	21	0.286
allowance	21	0.095
antiseptic	21	0.000
authorization	21	0.429
benzo	21	0.333
booklet	21	0.238
bookmark	21	0.238
builder	21	0.381
burst	21	0.381
cardigan	21	0.286
champagne	21	0.571
coastal	21	0.667
collar	21	0.524
convertible	21	0.429
copyright	21	0.333
curriculum	21	0.429
democratic	21	0.571
dial	21	0.286
effective	21	0.333
essence	21	0.667
explore	21	0.619
filling	21	0.286
fluid	21	0.476
gout	21	0.238
happiness	21	0.476
hold	21	0.238
housing	21	0.286
hydrogen	21	0.286
launcher	21	0.524
lunch	21	0.429
mesh	21	0.238
moody	21	0.571
mounting	21	0.000
mouth	21	0.333
ordinary	21	0.429
phase	21	0.333
polyester	21	0.238
pretest	21	0.095
quantity	21	0.429
referee	21	0.476
reliable	21	0.095
render	21	0.095
ribbon	21	0.524
send	21	0.381
soil	21	0.429
stratified	21	0.286
swine	21	0.619
thalasemia	21	0.286
unfurnished	21	0.000
valet	21	0.048
vocational	21	0.667
wallet	21	0.476
winning	21	0.667
aerobic	20	0.200
ally	20	0.350
autonomous	20	0.600
available	20	0.200
bail	20	0.150
baseline	20	0.100
blended	20	0.150
bundle	20	0.600
cannon	20	0.200
capping	20	0.050
chair	20	0.650
complain	20	0.050
compound	20	0.200
coping	20	0.150
corridor	20	0.600
curcumin	20	0.300
cutter	20	0.200
dividend	20	0.400
downline	20	0.000
edible	20	0.200
efficiency	20	0.550
entertainer	20	0.100
euthanasia	20	0.250
every	20	0.450
extract	20	0.250
fillet	20	0.200
gauge	20	0.150
glossy	20	0.000
guarantee	20	0.400
handicraft	20	0.400
histogram	20	0.150
hyper	20	0.450
indent	20	0.050
installer	20	0.300
instruction	20	0.350
internship	20	0.250
invest	20	0.400
jockey	20	0.550
kickoff	20	0.050
ladder	20	0.250
lean	20	0.400
lecture	20	0.600
leisure	20	0.400
magnitude	20	0.250
makluk	20	0.000
managerial	20	0.300
maternal	20	0.250
meal	20	0.450
missal	20	0.250
normative	20	0.000
osteoarthritis	20	0.300
pantry	20	0.150
past	20	0.550
penta	20	0.600
penthouse	20	0.550
plain	20	0.350
preemtif	20	0.000
probe	20	0.350
royalty	20	0.200
scrap	20	0.100
sealer	20	0.150
shoulder	20	0.400
sickness	20	0.100
sitter	20	0.050
skating	20	0.150
sliding	20	0.200
soap	20	0.500
still	20	0.450
stylus	20	0.100
subway	20	0.200
taker	20	0.250
teamwork	20	0.150
transaction	20	0.350
tray	20	0.200
tubulus	20	0.150
turnover	20	0.150
twist	20	0.450
usual	20	0.200
warm	20	0.450
waterproof	20	0.150
weakness	20	0.350
approval	19	0.211
arranger	19	0.053
bankable	19	0.053
beige	19	0.105
bomb	19	0.474
bottle	19	0.632
bracket	19	0.368
browse	19	0.474
cabinet	19	0.158
cavendish	19	0.474
centered	19	0.263
channeling	19	0.105
collaboration	19	0.684
contra	19	0.105
cozy	19	0.263
defect	19	0.105
diversity	19	0.632
donator	19	0.000
drain	19	0.526
driven	19	0.211
edgy	19	0.000
ethical	19	0.368
euphoria	19	0.421
feasible	19	0.000
folk	19	0.316
freestyle	19	0.211
gesture	19	0.158
gravity	19	0.684
guidance	19	0.263
harvester	19	0.263
helper	19	0.211
honey	19	0.684
impeachment	19	0.000
include	19	0.105
infection	19	0.579
into	19	0.684
introduction	19	0.526
investigator	19	0.158
landed	19	0.000
linked	19	0.474
looking	19	0.421
maximus	19	0.632
membackup	19	0.000
membrane	19	0.105
meneer	19	0.684
mermaid	19	0.632
microphone	19	0.000
mist	19	0.684
newsletter	19	0.421
nile	19	0.579
overstay	19	0.053
palsy	19	0.263
papaya	19	0.263
paradigm	19	0.263
periodontal	19	0.000
powered	19	0.474
proker	19	0.158
prompt	19	0.211
prudent	19	0.000
purifier	19	0.526
reboot	19	0.105
remittance	19	0.474
responsive	19	0.263
reversal	19	0.158
sain	19	0.474
shirt	19	0.158
significant	19	0.105
socket	19	0.158
sofware	19	0.105
specimen	19	0.053
steady	19	0.526
stuck	19	0.158
superblock	19	0.368
turtle	19	0.632
unlock	19	0.474
wearable	19	0.211
whey	19	0.211
amma	18	0.556
arcade	18	0.389
banker	18	0.333
barbershop	18	0.333
bedroom	18	0.278
bound	18	0.667
bullion	18	0.278
bungalow	18	0.333
chest	18	0.500
coming	18	0.611
competitive	18	0.167
competitiveness	18	0.500
concierge	18	0.111
conditional	18	0.500
culvert	18	0.000
deodorant	18	0.222
dine	18	0.278
disable	18	0.278
filtering	18	0.167
fiscal	18	0.000
funky	18	0.167
gossip	18	0.333
goverment	18	0.444
habit	18	0.389
handmade	18	0.222
hydraulic	18	0.444
implementation	18	0.667
incident	18	0.611
intangible	18	0.333
integration	18	0.611
interchange	18	0.556
joke	18	0.167
keadaanya	18	0.111
locker	18	0.444
much	18	0.389
nothing	18	0.444
offer	18	0.111
oleg	18	0.611
patient	18	0.556
pellet	18	0.167
peppermint	18	0.167
photoshoot	18	0.111
pipe	18	0.611
postfix	18	0.556
quasi	18	0.278
regulatory	18	0.444
remove	18	0.500
resolution	18	0.667
rope	18	0.500
sanitary	18	0.222
schooling	18	0.278
slop	18	0.056
smoke	18	0.556
soya	18	0.611
steward	18	0.500
subwoofer	18	0.111
surgical	18	0.111
sync	18	0.611
synthesizer	18	0.056
tapping	18	0.056
tattoo	18	0.222
temporary	18	0.278
tense	18	0.444
tide	18	0.444
towing	18	0.222
tubing	18	0.278
vessel	18	0.444
waterboom	18	0.278
write	18	0.500
algae	17	0.353
ammonium	17	0.235
amphetamine	17	0.176
antenna	17	0.059
assignment	17	0.647
attention	17	0.471
behavioral	17	0.294
blockbuster	17	0.118
bulletin	17	0.588
burden	17	0.118
cellular	17	0.588
cent	17	0.647
choke	17	0.118
civilization	17	0.353
coke	17	0.529
creamy	17	0.176
cylinder	17	0.235
decade	17	0.235
diffuser	17	0.118
dish	17	0.118
elearning	17	0.118
entertain	17	0.000
epidemic	17	0.647
explanatory	17	0.235
fabric	17	0.353
fact	17	0.294
featuring	17	0.000
freight	17	0.235
friendship	17	0.647
gethuk	17	0.471
given	17	0.647
grading	17	0.353
helicopter	17	0.353
influence	17	0.235
invesment	17	0.529
judgement	17	0.235
lien	17	0.588
loro	17	0.647
magician	17	0.588
millennial	17	0.235
notification	17	0.471
ovation	17	0.059
ownership	17	0.176
patent	17	0.471
pipeline	17	0.176
pollen	17	0.471
progressive	17	0.529
readers	17	0.529
renewable	17	0.235
rotor	17	0.059
saliva	17	0.118
seine	17	0.529
sequence	17	0.471
stabilizer	17	0.059
steal	17	0.294
sunroof	17	0.176
thariqah	17	0.353
throttle	17	0.588
tigris	17	0.588
tracer	17	0.471
trance	17	0.059
traveller	17	0.353
tryout	17	0.412
underwater	17	0.471
underwriting	17	0.176
voltage	17	0.294
waiter	17	0.176
weapon	17	0.412
whistle	17	0.294
acne	16	0.625
aureus	16	0.062
backlog	16	0.062
backstage	16	0.500
boring	16	0.188
bounce	16	0.562
branchless	16	0.062
breast	16	0.625
canopy	16	0.312
chiffon	16	0.125
colorful	16	0.500
completely	16	0.438
convalescent	16	0.250
cowboy	16	0.625
creambath	16	0.375
cupcake	16	0.250
deficit	16	0.125
downstream	16	0.125
ease	16	0.500
edutainment	16	0.250
effects	16	0.562
equal	16	0.562
escrow	16	0.188
evidence	16	0.500
fear	16	0.562
flavor	16	0.125
forehand	16	0.000
forwarding	16	0.125
fundus	16	0.062
gloss	16	0.312
grounded	16	0.188
housekeeping	16	0.438
humanoid	16	0.250
inclusion	16	0.375
innocence	16	0.688
intent	16	0.562
lovebird	16	0.375
mailbox	16	0.312
manage	16	0.312
maple	16	0.375
markup	16	0.312
maternity	16	0.438
methyl	16	0.500
minute	16	0.562
nursery	16	0.500
objective	16	0.500
octagon	16	0.188
onset	16	0.062
outreach	16	0.500
overheating	16	0.062
pandita	16	0.562
passenger	16	0.562
passive	16	0.188
pathogen	16	0.062
penalty	16	0.062
peripheral	16	0.312
personnel	16	0.188
philosophy	16	0.688
plank	16	0.250
polyethylene	16	0.250
preliminary	16	0.375
preventive	16	0.188
principle	16	0.250
racer	16	0.562
rand	16	0.688
ransomware	16	0.438
retracement	16	0.062
rhesus	16	0.125
salaam	16	0.625
sauce	16	0.312
scooter	16	0.625
seismic	16	0.125
separator	16	0.125
shale	16	0.375
shockbreaker	16	0.062
slave	16	0.688
slayer	16	0.688
slice	16	0.438
sparring	16	0.062
spinal	16	0.000
spinning	16	0.312
sponge	16	0.312
squash	16	0.375
static	16	0.375
subscribe	16	0.375
sudden	16	0.375
sunscreen	16	0.062
synthetic	16	0.500
tantrum	16	0.250
thrust	16	0.375
trace	16	0.188
typhi	16	0.062
unaudited	16	0.125
uptrend	16	0.188
vocabulary	16	0.312
voor	16	0.312
voter	16	0.000
wakif	16	0.375
while	16	0.688
whitening	16	0.312
wired	16	0.625
written	16	0.625
argument	15	0.000
arrangement	15	0.333
atmosphere	15	0.600
badge	15	0.267
ballad	15	0.200
binary	15	0.267
blas	15	0.133
bonding	15	0.200
bridal	15	0.533
bronze	15	0.667
bullet	15	0.667
buoy	15	0.133
cabotage	15	0.000
captive	15	0.000
carding	15	0.267
cello	15	0.600
cerebral	15	0.267
checkpoint	15	0.133
clash	15	0.667
classy	15	0.467
climbing	15	0.467
conduct	15	0.533
context	15	0.400
cooler	15	0.200
cordyceps	15	0.600
costing	15	0.200
curly	15	0.467
destructive	15	0.467
dispute	15	0.533
ecosystem	15	0.667
employment	15	0.533
esophagus	15	0.067
ethics	15	0.467
exhaust	15	0.267
exist	15	0.200
experiment	15	0.267
fathers	15	0.333
floppy	15	0.267
forecast	15	0.400
forget	15	0.667
genome	15	0.200
gentleman	15	0.333
historic	15	0.600
hollow	15	0.267
homemade	15	0.200
horn	15	0.667
illustrator	15	0.267
inquiry	15	0.267
insecure	15	0.000
jobseeker	15	0.200
judge	15	0.333
judgment	15	0.133
jure	15	0.000
keeper	15	0.200
learn	15	0.533
lycopene	15	0.067
mammoth	15	0.467
marking	15	0.267
mine	15	0.667
mummy	15	0.533
naked	15	0.467
niche	15	0.200
overclock	15	0.267
oversold	15	0.000
pandora	15	0.600
paragraph	15	0.067
parliament	15	0.667
pent	15	0.000
pharos	15	0.200
placebo	15	0.267
polish	15	0.533
premature	15	0.067
pudding	15	0.400
qualified	15	0.133
replay	15	0.200
residual	15	0.200
reuse	15	0.333
rhythm	15	0.600
sage	15	0.667
saying	15	0.000
selective	15	0.133
serious	15	0.467
shuffle	15	0.400
sidekick	15	0.600
skater	15	0.067
smoothie	15	0.200
sola	15	0.400
sounding	15	0.133
squat	15	0.200
stimuli	15	0.200
straw	15	0.200
streamingnya	15	0.000
stripe	15	0.133
surge	15	0.400
suspension	15	0.600
tackle	15	0.133
taper	15	0.133
televise	15	0.000
testimonial	15	0.133
thaghut	15	0.200
them	15	0.400
thin	15	0.533
took	15	0.000
tractor	15	0.600
turban	15	0.200
wake	15	0.533
waterfall	15	0.467
wavelet	15	0.200
winch	15	0.000
wrap	15	0.400
wrong	15	0.533
ability	14	0.143
above	14	0.643
anopheles	14	0.643
anthrax	14	0.357
backlight	14	0.286
balk	14	0.000
beking	14	0.071
belonging	14	0.071
berkoodinasi	14	0.000
billiard	14	0.214
bioethanol	14	0.214
bleaching	14	0.071
blow	14	0.286
bottleneck	14	0.143
brief	14	0.286
buddy	14	0.643
bump	14	0.571
bushel	14	0.000
candid	14	0.143
capability	14	0.214
carica	14	0.357
chassis	14	0.000
checklist	14	0.143
chick	14	0.429
collective	14	0.500
confident	14	0.071
connector	14	0.643
constitutional	14	0.500
convert	14	0.214
corrupt	14	0.214
crab	14	0.571
crack	14	0.214
cracking	14	0.500
culinary	14	0.643
dairy	14	0.643
deployment	14	0.357
deponeering	14	0.071
depression	14	0.357
devil	14	0.643
different	14	0.429
differential	14	0.429
disposable	14	0.357
divergence	14	0.214
dominant	14	0.214
downgrade	14	0.071
dwelling	14	0.000
elbow	14	0.571
enzyme	14	0.286
equip	14	0.214
expansion	14	0.429
facilitator	14	0.357
features	14	0.071
feeding	14	0.500
garlic	14	0.571
gonadotropin	14	0.357
goodwill	14	0.571
gothic	14	0.500
grease	14	0.500
guideline	14	0.071
hockey	14	0.429
immune	14	0.500
incentive	14	0.500
incinerator	14	0.286
instar	14	0.071
intellectual	14	0.500
journalist	14	0.286
kebathilan	14	0.000
kickboxing	14	0.643
knockout	14	0.143
latian	14	0.214
linguistic	14	0.500
liquidity	14	0.429
lockdwon	14	0.143
manufacturer	14	0.643
meaning	14	0.429
medley	14	0.143
melanoma	14	0.286
molecular	14	0.286
negotiable	14	0.071
nickname	14	0.214
overheat	14	0.143
paddle	14	0.429
pager	14	0.357
pitch	14	0.357
plane	14	0.500
polymer	14	0.429
pouch	14	0.357
primigravida	14	0.000
province	14	0.643
quark	14	0.143
quercetin	14	0.000
reason	14	0.429
reasoning	14	0.143
refill	14	0.286
reflux	14	0.071
reproduction	14	0.357
resist	14	0.214
saloon	14	0.643
same	14	0.571
sandbox	14	0.357
saver	14	0.357
scholar	14	0.571
sego	14	0.500
settlement	14	0.357
slab	14	0.143
softball	14	0.214
soup	14	0.643
spell	14	0.500
stability	14	0.571
swinger	14	0.143
taken	14	0.571
talking	14	0.500
thema	14	0.357
tidal	14	0.214
trademark	14	0.214
translator	14	0.357
tubular	14	0.071
tumbler	14	0.429
upstream	14	0.286
usage	14	0.429
voodoo	14	0.571
webtoon	14	0.214
wellness	14	0.429
wijck	14	0.643
ammonia	13	0.231
analyzer	13	0.538
antibiotic	13	0.000
aquatic	13	0.615
atheisme	13	0.231
auction	13	0.615
automation	13	0.692
backhand	13	0.000
backpack	13	0.308
banyan	13	0.462
because	13	0.615
belief	13	0.154
burner	13	0.154
capacitive	13	0.231
cart	13	0.385
cement	13	0.615
chitosan	13	0.154
circular	13	0.385
citizenship	13	0.615
clubbing	13	0.000
colonial	13	0.154
concrete	13	0.462
consent	13	0.308
crowd	13	0.462
diplomacy	13	0.308
dive	13	0.692
done	13	0.615
dorm	13	0.154
duplex	13	0.308
earbuds	13	0.308
electron	13	0.154
emission	13	0.692
endorser	13	0.077
enough	13	0.462
equalizer	13	0.231
ethos	13	0.231
everyday	13	0.615
exceed	13	0.538
experimental	13	0.692
fairness	13	0.154
finisher	13	0.077
folklore	13	0.538
granite	13	0.308
growing	13	0.538
gulden	13	0.000
gunner	13	0.692
handbook	13	0.538
hedge	13	0.231
hexa	13	0.615
ideas	13	0.692
inflation	13	0.231
inherent	13	0.692
interviewer	13	0.231
islamophobia	13	0.692
kanthi	13	0.615
kreatifitasnya	13	0.000
labia	13	0.077
liability	13	0.308
litter	13	0.000
lump	13	0.154
manifest	13	0.077
manufacture	13	0.308
marijuana	13	0.154
medal	13	0.538
menarche	13	0.154
minion	13	0.308
muscle	13	0.231
nori	13	0.385
optional	13	0.077
pension	13	0.462
perfume	13	0.692
periodontitis	13	0.385
phyton	13	0.231
presentation	13	0.462
primitive	13	0.077
protective	13	0.462
ramp	13	0.462
redemption	13	0.615
reel	13	0.385
referral	13	0.231
registration	13	0.538
regulated	13	0.000
reinforcement	13	0.000
rescuer	13	0.308
rotation	13	0.538
scouting	13	0.308
seater	13	0.077
seeded	13	0.615
shareholder	13	0.154
should	13	0.538
silica	13	0.231
sirloin	13	0.231
skimming	13	0.077
skinny	13	0.231
some	13	0.385
someone	13	0.385
splitter	13	0.231
sunblock	13	0.000
taste	13	0.231
territorial	13	0.154
thalassemia	13	0.308
they	13	0.615
thought	13	0.462
threesome	13	0.308
toolkit	13	0.308
topless	13	0.077
transmitter	13	0.000
triad	13	0.385
tribulus	13	0.692
trustee	13	0.308
tuner	13	0.231
tweeter	13	0.538
twisted	13	0.385
vacation	13	0.615
vial	13	0.077
viper	13	0.692
visibility	13	0.231
voluntary	13	0.385
waring	13	0.692
warranty	13	0.308
which	13	0.154
addendum	12	0.417
additive	12	0.250
affordable	12	0.417
aftershock	12	0.167
albicans	12	0.000
amenity	12	0.417
anxiety	12	0.250
arch	12	0.667
aromatic	12	0.417
assessor	12	0.417
authentication	12	0.333
ayoo	12	0.667
backdoor	12	0.083
backgroundnya	12	0.167
backing	12	0.083
baggage	12	0.500
beginner	12	0.333
bipartisan	12	0.333
blending	12	0.333
boogie	12	0.667
breakdown	12	0.000
brilliant	12	0.417
brow	12	0.417
catching	12	0.083
cause	12	0.333
cedar	12	0.500
celosia	12	0.333
cheater	12	0.500
checks	12	0.083
chiller	12	0.167
chloride	12	0.333
clamshell	12	0.000
clustering	12	0.250
commodity	12	0.417
consensus	12	0.167
contemporary	12	0.667
contraflow	12	0.083
dank	12	0.000
decker	12	0.583
deliver	12	0.250
dependent	12	0.250
develop	12	0.417
discharge	12	0.250
distributed	12	0.500
doggy	12	0.167
dont	12	0.417
doortrim	12	0.250
dumb	12	0.500
facebooker	12	0.500
forecasting	12	0.333
funds	12	0.417
furnace	12	0.083
gantry	12	0.500
gastroesophageal	12	0.167
girder	12	0.167
goodie	12	0.167
height	12	0.667
hetero	12	0.667
hide	12	0.583
hinterland	12	0.083
hiphop	12	0.583
hose	12	0.417
iconic	12	0.333
iguana	12	0.167
incremental	12	0.583
instance	12	0.333
jazzy	12	0.500
jumper	12	0.250
kefir	12	0.167
kind	12	0.417
lace	12	0.250
latency	12	0.083
leap	12	0.583
maid	12	0.583
massive	12	0.417
mature	12	0.083
maturity	12	0.333
mela	12	0.667
memback	12	0.000
methode	12	0.250
minded	12	0.333
modest	12	0.500
monument	12	0.583
moringa	12	0.500
mushroom	12	0.500
noodle	12	0.500
nylon	12	0.583
overview	12	0.500
palisade	12	0.583
partition	12	0.583
payload	12	0.167
perception	12	0.500
pict	12	0.250
plywood	12	0.167
poly	12	0.500
pour	12	0.333
preeklampsia	12	0.250
preference	12	0.417
privilege	12	0.083
profitable	12	0.167
puff	12	0.083
reagent	12	0.417
really	12	0.167
regimen	12	0.083
relate	12	0.250
reload	12	0.500
restorative	12	0.250
revival	12	0.667
rust	12	0.667
schizophrenia	12	0.167
screenshoot	12	0.417
setter	12	0.000
shaft	12	0.333
shaman	12	0.500
shut	12	0.583
shuttlecock	12	0.167
skate	12	0.333
slack	12	0.667
sneaker	12	0.250
sophisticated	12	0.000
sprite	12	0.583
teamviewer	12	0.500
terma	12	0.250
terrorism	12	0.417
thariqat	12	0.500
theologi	12	0.167
thun	12	0.167
timber	12	0.667
tofu	12	0.500
tonic	12	0.417
topaz	12	0.667
torrent	12	0.333
tread	12	0.333
troll	12	0.167
unknown	12	0.250
vacancy	12	0.500
vest	12	0.250
ville	12	0.583
void	12	0.333
waffle	12	0.500
waist	12	0.167
workplace	12	0.583
activation	11	0.636
additional	11	0.182
aggregator	11	0.182
also	11	0.455
ankle	11	0.182
appetite	11	0.091
artistic	11	0.364
autoclave	11	0.091
auxiliary	11	0.273
aves	11	0.636
beans	11	0.545
below	11	0.455
bogey	11	0.182
bootcamp	11	0.455
both	11	0.364
breeder	11	0.273
bridging	11	0.273
brightness	11	0.182
bronchitis	11	0.091
caddy	11	0.273
caliper	11	0.000
calm	11	0.545
cane	11	0.273
capsaicin	11	0.273
cardiac	11	0.273
cartoon	11	0.636
ceiling	11	0.000
chakra	11	0.545
charade	11	0.364
checkout	11	0.455
cheers	11	0.545
chiropractic	11	0.455
chopper	11	0.636
classical	11	0.636
cleanser	11	0.091
collateral	11	0.273
colon	11	0.273
competency	11	0.273
complicated	11	0.182
courtesy	11	0.182
demos	11	0.545
dirty	11	0.545
dubbing	11	0.182
dwarf	11	0.273
earthquake	11	0.545
edelweiss	11	0.455
educator	11	0.545
endorphin	11	0.182
enemy	11	0.636
equestrian	11	0.636
exam	11	0.273
farewell	11	0.455
faster	11	0.636
fastfood	11	0.364
fertility	11	0.636
finder	11	0.636
float	11	0.364
gardenia	11	0.455
gemeente	11	0.273
ginkgo	11	0.455
gourmet	11	0.545
grassroot	11	0.091
handsome	11	0.545
holistic	11	0.182
idealitas	11	0.182
inbound	11	0.000
inclusive	11	0.636
incubator	11	0.545
informed	11	0.273
inhaler	11	0.182
inlet	11	0.091
institutional	11	0.455
integer	11	0.000
intestinal	11	0.455
juggling	11	0.636
juicy	11	0.636
kethoprak	11	0.273
kickback	11	0.364
koinonia	11	0.545
latest	11	0.364
lazy	11	0.091
length	11	0.273
lightweight	11	0.455
listen	11	0.636
loch	11	0.636
longboat	11	0.182
luck	11	0.364
manus	11	0.364
maybe	11	0.545
mechanism	11	0.455
memorable	11	0.182
mentalist	11	0.364
mosaic	11	0.455
muffin	11	0.091
myself	11	0.636
nightmare	11	0.636
occupancy	11	0.182
others	11	0.091
outing	11	0.273
outside	11	0.273
pecan	11	0.091
pedicure	11	0.000
pelu	11	0.273
performer	11	0.091
pert	11	0.636
pest	11	0.364
playback	11	0.273
pleasure	11	0.545
pond	11	0.545
powerhouse	11	0.545
proportional	11	0.273
pulley	11	0.091
putrid	11	0.000
rack	11	0.545
rapture	11	0.364
rational	11	0.636
reduce	11	0.455
reflection	11	0.545
regression	11	0.545
regulation	11	0.545
residential	11	0.364
resilience	11	0.455
rune	11	0.636
samadhi	11	0.364
sclerosis	11	0.182
seeker	11	0.364
sink	11	0.182
slag	11	0.091
sludge	11	0.273
smoking	11	0.182
speakernya	11	0.364
specification	11	0.364
spicy	11	0.545
spiker	11	0.182
spinalis	11	0.000
stalking	11	0.091
stereotype	11	0.182
suede	11	0.091
supplement	11	0.273
surcharge	11	0.000
surfer	11	0.636
syntax	11	0.273
tannin	11	0.091
tempered	11	0.091
tethering	11	0.091
thumbnail	11	0.000
tolerance	11	0.273
toward	11	0.636
tubeless	11	0.000
tweetnya	11	0.000
victim	11	0.636
visible	11	0.273
waitress	11	0.182
within	11	0.545
yahoofinance	11	0.364
zipper	11	0.273
accountable	10	0.200
advertiser	10	0.500
agile	10	0.300
alveoli	10	0.100
amplitude	10	0.200
architect	10	0.600
aspect	10	0.300
attunement	10	0.300
bare	10	0.500
biggest	10	0.500
bioreaktor	10	0.300
birdie	10	0.400
blanket	10	0.200
blonde	10	0.300
boundary	10	0.100
breakthrough	10	0.400
breed	10	0.500
bring	10	0.600
brucellosis	10	0.300
camshaft	10	0.300
checking	10	0.300
clone	10	0.600
cognitive	10	0.500
collision	10	0.600
communicator	10	0.500
configuration	10	0.400
correction	10	0.400
creating	10	0.500
cyclone	10	0.600
dextro	10	0.400
dibackup	10	0.000
dibooking	10	0.100
difference	10	0.500
diligence	10	0.000
disinfectant	10	0.300
dovish	10	0.000
dusty	10	0.500
efficient	10	0.500
equinox	10	0.500
executable	10	0.100
expire	10	0.100
extrovert	10	0.000
fake	10	0.500
fiction	10	0.400
fierce	10	0.000
fistula	10	0.100
fithrah	10	0.100
flour	10	0.500
foodcourt	10	0.400
footer	10	0.000
fork	10	0.300
frontage	10	0.600
galena	10	0.500
gearing	10	0.200
gifted	10	0.300
goggle	10	0.600
goring	10	0.100
gown	10	0.300
grinding	10	0.200
handsfree	10	0.000
immaterial	10	0.000
incest	10	0.100
indepth	10	0.300
indirect	10	0.100
induction	10	0.400
infant	10	0.500
ingot	10	0.300
inline	10	0.100
interfaith	10	0.600
interpretation	10	0.300
investigative	10	0.200
irreversible	10	0.100
jamboree	10	0.500
jobless	10	0.100
kenwood	10	0.500
keyless	10	0.100
khaki	10	0.200
koban	10	0.200
komitment	10	0.100
learner	10	0.200
loudspeaker	10	0.200
many	10	0.600
mater	10	0.500
means	10	0.300
measures	10	0.400
medulla	10	0.200
megalodon	10	0.500
methane	10	0.500
mortality	10	0.300
nutrient	10	0.300
oleat	10	0.000
overclocking	10	0.300
overweight	10	0.200
pallet	10	0.500
pear	10	0.300
permission	10	0.200
pillow	10	0.500
pinguin	10	0.400
possible	10	0.200
precision	10	0.600
preorder	10	0.100
prepare	10	0.300
presence	10	0.300
promote	10	0.500
pulmonal	10	0.000
purse	10	0.300
receptor	10	0.300
reject	10	0.300
restocking	10	0.100
restricted	10	0.200
rheumatoid	10	0.100
robust	10	0.100
roster	10	0.100
scandal	10	0.500
semantic	10	0.500
serve	10	0.100
sheets	10	0.400
sift	10	0.000
simply	10	0.600
sloka	10	0.200
smoothies	10	0.300
snapshot	10	0.100
specific	10	0.200
spit	10	0.300
stationary	10	0.500
stiletto	10	0.300
struggle	10	0.200
subjective	10	0.300
supervisory	10	0.500
surety	10	0.200
terrorist	10	0.400
terse	10	0.000
testpack	10	0.100
theologia	10	0.200
thypoid	10	0.300
tirtha	10	0.500
toxin	10	0.000
tradable	10	0.000
trakea	10	0.000
tricky	10	0.100
trolley	10	0.400
troops	10	0.400
troubleshooting	10	0.000
trout	10	0.200
tulle	10	0.200
turtleneck	10	0.100
undecided	10	0.000
unusual	10	0.600
vapor	10	0.600
vernier	10	0.100
visor	10	0.300
vortex	10	0.200
waxing	10	0.100
wheelbase	10	0.200
whisky	10	0.300
worker	10	0.200
workout	10	0.400
yahoosport	10	0.400
zircon	10	0.300
zoster	10	0.300
